Timestamp,Page URL,Error Category,Error Subcategory,Severity Level,Error Message,Source File,Line Number,Stack Trace,Error Count,Browser Info,Recommendations
2025-09-17 22:41:30,https://www.pharmacymentor.com/,JAVASCRIPT_ERROR,SYNTAX_ERROR,CRITICAL,https://cdn.promotekit.com/promotekit.js 0:0 Uncaught SyntaxError: Identifier 'parsed_host_name' has already been declared,null,0,null,1,Chrome Headless,Fix JavaScript syntax errors
2025-09-17 22:41:45,https://www.pharmacymentor.com/boost-pharmacy-sales-using-facebook/,GENERAL_ERROR,UNKNOWN_ERROR,HIGH,https://ajax.googleapis.com/ajax/libs/jquery/3.7.1/jquery.min.js 1 Allow attribute will take precedence over 'allowfullscreen'.,null,0,null,1,Chrome Headless,Investigate and categorize this error type
2025-09-17 22:41:45,https://www.pharmacymentor.com/boost-pharmacy-sales-using-facebook/,JAVASCRIPT_ERROR,SYNTAX_ERROR,CRITICAL,https://cdn.promotekit.com/promotekit.js 0:0 Uncaught SyntaxError: Identifier 'parsed_host_name' has already been declared,null,0,null,1,Chrome Headless,Fix JavaScript syntax errors
2025-09-17 22:41:53,https://www.pharmacymentor.com/testimonials/,JAVASCRIPT_ERROR,SYNTAX_ERROR,CRITICAL,https://cdn.promotekit.com/promotekit.js 0:0 Uncaught SyntaxError: Identifier 'parsed_host_name' has already been declared,null,0,null,1,Chrome Headless,Fix JavaScript syntax errors
2025-09-17 22:42:01,https://www.pharmacymentor.com/a-practical-guide-to-the-quality-payment-scheme-201718/,JAVASCRIPT_ERROR,SYNTAX_ERROR,CRITICAL,https://cdn.promotekit.com/promotekit.js 0:0 Uncaught SyntaxError: Identifier 'parsed_host_name' has already been declared,null,0,null,1,Chrome Headless,Fix JavaScript syntax errors
2025-09-17 22:42:01,https://www.pharmacymentor.com/a-practical-guide-to-the-quality-payment-scheme-201718/,SECURITY_ERROR,CSP_VIOLATION,CRITICAL,security - [Report Only] Refused to frame 'https://www.google.com/' because an ancestor violates the following Content Security Policy directive: "frame-ancestors 'self'".
,null,0,null,1,Chrome Headless,Review and update Content Security Policy directives
2025-09-17 22:42:08,https://www.pharmacymentor.com/social-media-local-healthcare/,JAVASCRIPT_ERROR,SYNTAX_ERROR,CRITICAL,https://cdn.promotekit.com/promotekit.js 0:0 Uncaught SyntaxError: Identifier 'parsed_host_name' has already been declared,null,0,null,1,Chrome Headless,Fix JavaScript syntax errors
2025-09-17 22:42:22,https://www.pharmacymentor.com/pharmacy-marketing-strategy/,JAVASCRIPT_ERROR,SYNTAX_ERROR,CRITICAL,https://cdn.promotekit.com/promotekit.js 0:0 Uncaught SyntaxError: Identifier 'parsed_host_name' has already been declared,null,0,null,1,Chrome Headless,Fix JavaScript syntax errors
2025-09-17 22:42:31,https://www.pharmacymentor.com/pharmacy-business-and-innovation/,JAVASCRIPT_ERROR,SYNTAX_ERROR,CRITICAL,https://cdn.promotekit.com/promotekit.js 0:0 Uncaught SyntaxError: Identifier 'parsed_host_name' has already been declared,null,0,null,1,Chrome Headless,Fix JavaScript syntax errors
2025-09-17 22:42:39,https://www.pharmacymentor.com/pharmacy-practice/,JAVASCRIPT_ERROR,SYNTAX_ERROR,CRITICAL,https://cdn.promotekit.com/promotekit.js 0:0 Uncaught SyntaxError: Identifier 'parsed_host_name' has already been declared,null,0,null,1,Chrome Headless,Fix JavaScript syntax errors
2025-09-17 22:42:48,https://www.pharmacymentor.com/pharmacy-mailshot-service/,JAVASCRIPT_ERROR,SYNTAX_ERROR,CRITICAL,https://cdn.promotekit.com/promotekit.js 0:0 Uncaught SyntaxError: Identifier 'parsed_host_name' has already been declared,null,0,null,1,Chrome Headless,Fix JavaScript syntax errors
2025-09-17 22:42:56,https://www.pharmacymentor.com/video-production-pharmacy-healthcare/,JAVASCRIPT_ERROR,SYNTAX_ERROR,CRITICAL,https://cdn.promotekit.com/promotekit.js 0:0 Uncaught SyntaxError: Identifier 'parsed_host_name' has already been declared,null,0,null,1,Chrome Headless,Fix JavaScript syntax errors
2025-09-17 22:43:04,https://www.pharmacymentor.com/flu-jab-marketing-order-form/,JAVASCRIPT_ERROR,SYNTAX_ERROR,CRITICAL,https://cdn.promotekit.com/promotekit.js 0:0 Uncaught SyntaxError: Identifier 'parsed_host_name' has already been declared,null,0,null,1,Chrome Headless,Fix JavaScript syntax errors
2025-09-17 22:43:15,https://www.pharmacymentor.com/pharmaself24-marketing/,JAVASCRIPT_ERROR,SYNTAX_ERROR,CRITICAL,https://cdn.promotekit.com/promotekit.js 0:0 Uncaught SyntaxError: Identifier 'parsed_host_name' has already been declared,null,0,null,1,Chrome Headless,Fix JavaScript syntax errors
2025-09-17 22:43:22,https://www.pharmacymentor.com/eps-prescription-signup-marketing/,JAVASCRIPT_ERROR,SYNTAX_ERROR,CRITICAL,https://cdn.promotekit.com/promotekit.js 0:0 Uncaught SyntaxError: Identifier 'parsed_host_name' has already been declared,null,0,null,1,Chrome Headless,Fix JavaScript syntax errors
2025-09-17 22:43:29,https://www.pharmacymentor.com/local-newspaper-campaign/,JAVASCRIPT_ERROR,SYNTAX_ERROR,CRITICAL,https://cdn.promotekit.com/promotekit.js 0:0 Uncaught SyntaxError: Identifier 'parsed_host_name' has already been declared,null,0,null,1,Chrome Headless,Fix JavaScript syntax errors
2025-09-17 22:43:38,https://www.pharmacymentor.com/flyer-leaflet-poster-consultation-form/,JAVASCRIPT_ERROR,SYNTAX_ERROR,CRITICAL,https://cdn.promotekit.com/promotekit.js 0:0 Uncaught SyntaxError: Identifier 'parsed_host_name' has already been declared,null,0,null,1,Chrome Headless,Fix JavaScript syntax errors
2025-09-17 22:43:48,https://www.pharmacymentor.com/employee-feedback-form/,JAVASCRIPT_ERROR,SYNTAX_ERROR,CRITICAL,https://cdn.promotekit.com/promotekit.js 0:0 Uncaught SyntaxError: Identifier 'parsed_host_name' has already been declared,null,0,null,1,Chrome Headless,Fix JavaScript syntax errors
2025-09-17 22:43:58,https://www.pharmacymentor.com/travel-clinic-marketing/,JAVASCRIPT_ERROR,SYNTAX_ERROR,CRITICAL,https://cdn.promotekit.com/promotekit.js 0:0 Uncaught SyntaxError: Identifier 'parsed_host_name' has already been declared,null,0,null,1,Chrome Headless,Fix JavaScript syntax errors
2025-09-17 22:44:05,https://www.pharmacymentor.com/pharmacy-mentor-ambassador-application-form/,JAVASCRIPT_ERROR,SYNTAX_ERROR,CRITICAL,https://cdn.promotekit.com/promotekit.js 0:0 Uncaught SyntaxError: Identifier 'parsed_host_name' has already been declared,null,0,null,1,Chrome Headless,Fix JavaScript syntax errors
2025-09-17 22:44:14,https://www.pharmacymentor.com/healthera/,JAVASCRIPT_ERROR,SYNTAX_ERROR,CRITICAL,https://cdn.promotekit.com/promotekit.js 0:0 Uncaught SyntaxError: Identifier 'parsed_host_name' has already been declared,null,0,null,1,Chrome Headless,Fix JavaScript syntax errors
2025-09-17 22:44:21,https://www.pharmacymentor.com/aesthetics-marketing-2/,JAVASCRIPT_ERROR,SYNTAX_ERROR,CRITICAL,https://cdn.promotekit.com/promotekit.js 0:0 Uncaught SyntaxError: Identifier 'parsed_host_name' has already been declared,null,0,null,1,Chrome Headless,Fix JavaScript syntax errors
2025-09-17 22:44:32,https://www.pharmacymentor.com/pharmacy-branding/,JAVASCRIPT_ERROR,SYNTAX_ERROR,CRITICAL,https://cdn.promotekit.com/promotekit.js 0:0 Uncaught SyntaxError: Identifier 'parsed_host_name' has already been declared,null,0,null,1,Chrome Headless,Fix JavaScript syntax errors
2025-09-17 22:44:40,https://www.pharmacymentor.com/lp-become-a-teacher/,JAVASCRIPT_ERROR,SYNTAX_ERROR,CRITICAL,https://cdn.promotekit.com/promotekit.js 0:0 Uncaught SyntaxError: Identifier 'parsed_host_name' has already been declared,null,0,null,1,Chrome Headless,Fix JavaScript syntax errors
2025-09-17 22:44:48,https://www.pharmacymentor.com/mailshot-quote/,JAVASCRIPT_ERROR,SYNTAX_ERROR,CRITICAL,https://cdn.promotekit.com/promotekit.js 0:0 Uncaught SyntaxError: Identifier 'parsed_host_name' has already been declared,null,0,null,1,Chrome Headless,Fix JavaScript syntax errors
2025-09-17 22:44:55,https://www.pharmacymentor.com/consultation-form-1/,JAVASCRIPT_ERROR,SYNTAX_ERROR,CRITICAL,https://cdn.promotekit.com/promotekit.js 0:0 Uncaught SyntaxError: Identifier 'parsed_host_name' has already been declared,null,0,null,1,Chrome Headless,Fix JavaScript syntax errors
2025-09-17 22:45:01,https://www.pharmacymentor.com/get-a-quote/,JAVASCRIPT_ERROR,SYNTAX_ERROR,CRITICAL,https://cdn.promotekit.com/promotekit.js 0:0 Uncaught SyntaxError: Identifier 'parsed_host_name' has already been declared,null,0,null,1,Chrome Headless,Fix JavaScript syntax errors
2025-09-17 22:45:09,https://www.pharmacymentor.com/social-media-pharmacy/,JAVASCRIPT_ERROR,SYNTAX_ERROR,CRITICAL,https://cdn.promotekit.com/promotekit.js 0:0 Uncaught SyntaxError: Identifier 'parsed_host_name' has already been declared,null,0,null,1,Chrome Headless,Fix JavaScript syntax errors
2025-09-17 22:45:16,https://www.pharmacymentor.com/alphega-app-launch-pack/,JAVASCRIPT_ERROR,SYNTAX_ERROR,CRITICAL,https://cdn.promotekit.com/promotekit.js 0:0 Uncaught SyntaxError: Identifier 'parsed_host_name' has already been declared,null,0,null,1,Chrome Headless,Fix JavaScript syntax errors
2025-09-17 22:45:25,https://www.pharmacymentor.com/pmfm/,JAVASCRIPT_ERROR,SYNTAX_ERROR,CRITICAL,https://cdn.promotekit.com/promotekit.js 0:0 Uncaught SyntaxError: Identifier 'parsed_host_name' has already been declared,null,0,null,1,Chrome Headless,Fix JavaScript syntax errors
2025-09-17 22:45:38,https://www.pharmacymentor.com/digital-marketing-pharmacy/,JAVASCRIPT_ERROR,SYNTAX_ERROR,CRITICAL,https://cdn.promotekit.com/promotekit.js 0:0 Uncaught SyntaxError: Identifier 'parsed_host_name' has already been declared,null,0,null,1,Chrome Headless,Fix JavaScript syntax errors
2025-09-17 22:45:47,https://www.pharmacymentor.com/my-account/,JAVASCRIPT_ERROR,SYNTAX_ERROR,CRITICAL,https://cdn.promotekit.com/promotekit.js 0:0 Uncaught SyntaxError: Identifier 'parsed_host_name' has already been declared,null,0,null,1,Chrome Headless,Fix JavaScript syntax errors
2025-09-17 22:45:56,https://www.pharmacymentor.com/shop/,JAVASCRIPT_ERROR,SYNTAX_ERROR,CRITICAL,https://cdn.promotekit.com/promotekit.js 0:0 Uncaught SyntaxError: Identifier 'parsed_host_name' has already been declared,null,0,null,1,Chrome Headless,Fix JavaScript syntax errors
2025-09-17 22:46:05,https://www.pharmacymentor.com/in-store-pharmacy-marketing/,JAVASCRIPT_ERROR,SYNTAX_ERROR,CRITICAL,https://cdn.promotekit.com/promotekit.js 0:0 Uncaught SyntaxError: Identifier 'parsed_host_name' has already been declared,null,0,null,1,Chrome Headless,Fix JavaScript syntax errors
2025-09-17 22:46:12,https://www.pharmacymentor.com/seo-pharmacy/,JAVASCRIPT_ERROR,SYNTAX_ERROR,CRITICAL,https://cdn.promotekit.com/promotekit.js 0:0 Uncaught SyntaxError: Identifier 'parsed_host_name' has already been declared,null,0,null,1,Chrome Headless,Fix JavaScript syntax errors
2025-09-17 22:46:21,https://www.pharmacymentor.com/flu-jab-marketing/,JAVASCRIPT_ERROR,SYNTAX_ERROR,CRITICAL,https://cdn.promotekit.com/promotekit.js 0:0 Uncaught SyntaxError: Identifier 'parsed_host_name' has already been declared,null,0,null,1,Chrome Headless,Fix JavaScript syntax errors
2025-09-17 22:46:32,https://www.pharmacymentor.com/facebook-instagram-ads/,JAVASCRIPT_ERROR,SYNTAX_ERROR,CRITICAL,https://cdn.promotekit.com/promotekit.js 0:0 Uncaught SyntaxError: Identifier 'parsed_host_name' has already been declared,null,0,null,1,Chrome Headless,Fix JavaScript syntax errors
2025-09-17 22:46:40,https://www.pharmacymentor.com/scorecard/,JAVASCRIPT_ERROR,SYNTAX_ERROR,CRITICAL,https://cdn.promotekit.com/promotekit.js 0:0 Uncaught SyntaxError: Identifier 'parsed_host_name' has already been declared,null,0,null,1,Chrome Headless,Fix JavaScript syntax errors
2025-09-17 22:46:53,https://www.pharmacymentor.com/cart/,JAVASCRIPT_ERROR,SYNTAX_ERROR,CRITICAL,https://cdn.promotekit.com/promotekit.js 0:0 Uncaught SyntaxError: Identifier 'parsed_host_name' has already been declared,null,0,null,1,Chrome Headless,Fix JavaScript syntax errors
2025-09-17 22:46:53,https://www.pharmacymentor.com/cart/,GENERAL_ERROR,UNKNOWN_ERROR,HIGH,https://ajax.googleapis.com/ajax/libs/jquery/3.7.1/jquery.min.js 1:28647 "jQuery.Deferred exception: Cannot read properties of undefined (reading 'defaults')" "TypeError: Cannot read properties of undefined (reading 'defaults')\n    at HTMLDocument.\u003Canonymous> (https://www.pharmacymentor.com/wp-content/plugins/woocommerce/assets/js/frontend/checkout.min.js:1:81)\n    at e (https://ajax.googleapis.com/ajax/libs/jquery/3.7.1/jquery.min.js:2:27028)\n    at t (https://ajax.googleapis.com/ajax/libs/jquery/3.7.1/jquery.min.js:2:27330)" undefined,t (https,0,null,1,Chrome Headless,Investigate and categorize this error type
2025-09-17 22:46:53,https://www.pharmacymentor.com/cart/,JAVASCRIPT_ERROR,RUNTIME_ERROR,CRITICAL,https://ajax.googleapis.com/ajax/libs/jquery/3.7.1/jquery.min.js 1:28759 Uncaught TypeError: Cannot read properties of undefined (reading 'defaults'),null,0,null,1,Chrome Headless,Fix JavaScript runtime errors and undefined variables
2025-09-17 22:47:02,https://www.pharmacymentor.com/checkout/,JAVASCRIPT_ERROR,SYNTAX_ERROR,CRITICAL,https://cdn.promotekit.com/promotekit.js 0:0 Uncaught SyntaxError: Identifier 'parsed_host_name' has already been declared,null,0,null,1,Chrome Headless,Fix JavaScript syntax errors
2025-09-17 22:47:02,https://www.pharmacymentor.com/checkout/,GENERAL_ERROR,UNKNOWN_ERROR,HIGH,https://ajax.googleapis.com/ajax/libs/jquery/3.7.1/jquery.min.js 1:28647 "jQuery.Deferred exception: Cannot read properties of undefined (reading 'defaults')" "TypeError: Cannot read properties of undefined (reading 'defaults')\n    at HTMLDocument.\u003Canonymous> (https://www.pharmacymentor.com/wp-content/plugins/woocommerce/assets/js/frontend/checkout.min.js:1:81)\n    at e (https://ajax.googleapis.com/ajax/libs/jquery/3.7.1/jquery.min.js:2:27028)\n    at t (https://ajax.googleapis.com/ajax/libs/jquery/3.7.1/jquery.min.js:2:27330)" undefined,t (https,0,null,1,Chrome Headless,Investigate and categorize this error type
2025-09-17 22:47:02,https://www.pharmacymentor.com/checkout/,JAVASCRIPT_ERROR,RUNTIME_ERROR,CRITICAL,https://ajax.googleapis.com/ajax/libs/jquery/3.7.1/jquery.min.js 1:28759 Uncaught TypeError: Cannot read properties of undefined (reading 'defaults'),null,0,null,1,Chrome Headless,Fix JavaScript runtime errors and undefined variables
2025-09-17 22:47:09,https://www.pharmacymentor.com/lp-checkout-2/,JAVASCRIPT_ERROR,SYNTAX_ERROR,CRITICAL,https://cdn.promotekit.com/promotekit.js 0:0 Uncaught SyntaxError: Identifier 'parsed_host_name' has already been declared,null,0,null,1,Chrome Headless,Fix JavaScript syntax errors
2025-09-17 22:47:17,https://www.pharmacymentor.com/awards/,JAVASCRIPT_ERROR,SYNTAX_ERROR,CRITICAL,https://cdn.promotekit.com/promotekit.js 0:0 Uncaught SyntaxError: Identifier 'parsed_host_name' has already been declared,null,0,null,1,Chrome Headless,Fix JavaScript syntax errors
2025-09-17 22:47:29,https://www.pharmacymentor.com/partners-and-collaborations/,JAVASCRIPT_ERROR,SYNTAX_ERROR,CRITICAL,https://cdn.promotekit.com/promotekit.js 0:0 Uncaught SyntaxError: Identifier 'parsed_host_name' has already been declared,null,0,null,1,Chrome Headless,Fix JavaScript syntax errors
2025-09-17 22:47:40,https://www.pharmacymentor.com/lp-profile/,JAVASCRIPT_ERROR,SYNTAX_ERROR,CRITICAL,https://cdn.promotekit.com/promotekit.js 0:0 Uncaught SyntaxError: Identifier 'parsed_host_name' has already been declared,null,0,null,1,Chrome Headless,Fix JavaScript syntax errors
2025-09-17 22:47:56,https://www.pharmacymentor.com/free-seo-site-audit/,JAVASCRIPT_ERROR,SYNTAX_ERROR,CRITICAL,https://cdn.promotekit.com/promotekit.js 0:0 Uncaught SyntaxError: Identifier 'parsed_host_name' has already been declared,null,0,null,1,Chrome Headless,Fix JavaScript syntax errors
2025-09-17 22:47:56,https://www.pharmacymentor.com/free-seo-site-audit/,GENERAL_ERROR,UNKNOWN_ERROR,HIGH,https://app-cdn.clickup.com/assets/js/forms-embed/v1.js 564 Failed to execute 'postMessage' on 'DOMWindow': The target origin provided ('https://forms.clickup.com') does not match the recipient window's origin ('https://www.pharmacymentor.com').,null,0,null,1,Chrome Headless,Investigate and categorize this error type
2025-09-17 22:47:56,https://www.pharmacymentor.com/free-seo-site-audit/,GENERAL_ERROR,UNKNOWN_ERROR,HIGH,https://app-cdn.clickup.com/assets/js/forms-embed/v1.js 121:63 "[iFrameSizer][Host page: iFrameResizer0]" "IFrame has not responded within 5 seconds. Check iFrameResizer.contentWindow.js has been loaded in iFrame. This message can be ignored if everything is working, or you can set the warningTimeout option to a higher value or zero to suppress this warning.",null,0,null,1,Chrome Headless,Investigate and categorize this error type
2025-09-17 22:48:04,https://www.pharmacymentor.com/vision/,JAVASCRIPT_ERROR,SYNTAX_ERROR,CRITICAL,https://cdn.promotekit.com/promotekit.js 0:0 Uncaught SyntaxError: Identifier 'parsed_host_name' has already been declared,null,0,null,1,Chrome Headless,Fix JavaScript syntax errors
2025-09-17 22:48:13,https://www.pharmacymentor.com/social-media-scheduling/,JAVASCRIPT_ERROR,SYNTAX_ERROR,CRITICAL,https://cdn.promotekit.com/promotekit.js 0:0 Uncaught SyntaxError: Identifier 'parsed_host_name' has already been declared,null,0,null,1,Chrome Headless,Fix JavaScript syntax errors
2025-09-17 22:48:13,https://www.pharmacymentor.com/social-media-scheduling/,GENERAL_ERROR,UNKNOWN_ERROR,HIGH,https://app-cdn.clickup.com/assets/js/forms-embed/v1.js 564 Failed to execute 'postMessage' on 'DOMWindow': The target origin provided ('https://forms.clickup.com') does not match the recipient window's origin ('https://www.pharmacymentor.com').,null,0,null,1,Chrome Headless,Investigate and categorize this error type
2025-09-17 22:48:22,https://www.pharmacymentor.com/google-ads-pharmacy/,JAVASCRIPT_ERROR,SYNTAX_ERROR,CRITICAL,https://cdn.promotekit.com/promotekit.js 0:0 Uncaught SyntaxError: Identifier 'parsed_host_name' has already been declared,null,0,null,1,Chrome Headless,Fix JavaScript syntax errors
2025-09-17 22:48:29,https://www.pharmacymentor.com/privacy-policy/,JAVASCRIPT_ERROR,SYNTAX_ERROR,CRITICAL,https://cdn.promotekit.com/promotekit.js 0:0 Uncaught SyntaxError: Identifier 'parsed_host_name' has already been declared,null,0,null,1,Chrome Headless,Fix JavaScript syntax errors
2025-09-17 22:48:40,https://www.pharmacymentor.com/careers/,JAVASCRIPT_ERROR,SYNTAX_ERROR,CRITICAL,https://cdn.promotekit.com/promotekit.js 0:0 Uncaught SyntaxError: Identifier 'parsed_host_name' has already been declared,null,0,null,1,Chrome Headless,Fix JavaScript syntax errors
2025-09-17 22:48:40,https://www.pharmacymentor.com/careers/,NETWORK_ERROR,RESOURCE_LOAD_FAILURE,CRITICAL,https://www.glassdoor.co.uk/static/js/api/widget/v1.js - Failed to load resource: net::ERR_BLOCKED_BY_RESPONSE.NotSameOrigin,null,0,null,1,Chrome Headless,Verify resource URLs and server availability
2025-09-17 22:48:40,https://www.pharmacymentor.com/careers/,NETWORK_ERROR,RESOURCE_LOAD_FAILURE,CRITICAL,https://www.glassdoor.co.uk/static/js/api/widget/v1.js - Failed to load resource: net::ERR_BLOCKED_BY_RESPONSE.NotSameOrigin,null,0,null,1,Chrome Headless,Verify resource URLs and server availability
2025-09-17 22:48:40,https://www.pharmacymentor.com/careers/,NETWORK_ERROR,RESOURCE_LOAD_FAILURE,CRITICAL,https://www.glassdoor.co.uk/static/js/api/widget/v1.js - Failed to load resource: net::ERR_BLOCKED_BY_RESPONSE.NotSameOrigin,null,0,null,1,Chrome Headless,Verify resource URLs and server availability
2025-09-17 22:48:50,https://www.pharmacymentor.com/instructors/,JAVASCRIPT_ERROR,SYNTAX_ERROR,CRITICAL,https://cdn.promotekit.com/promotekit.js 0:0 Uncaught SyntaxError: Identifier 'parsed_host_name' has already been declared,null,0,null,1,Chrome Headless,Fix JavaScript syntax errors
2025-09-17 22:48:57,https://www.pharmacymentor.com/instructor/,NETWORK_ERROR,RESOURCE_LOAD_FAILURE,CRITICAL,https://www.pharmacymentor.com/instructor/ - Failed to load resource: the server responded with a status of 404 (),null,0,null,1,Chrome Headless,Verify resource URLs and server availability
2025-09-17 22:48:57,https://www.pharmacymentor.com/instructor/,JAVASCRIPT_ERROR,SYNTAX_ERROR,CRITICAL,https://cdn.promotekit.com/promotekit.js 0:0 Uncaught SyntaxError: Identifier 'parsed_host_name' has already been declared,null,0,null,1,Chrome Headless,Fix JavaScript syntax errors
2025-09-17 22:48:57,https://www.pharmacymentor.com/instructor/,NETWORK_ERROR,RESOURCE_NOT_FOUND,HIGH,HTTP 404 error for: https://www.pharmacymentor.com/instructor/,https://www.pharmacymentor.com/instructor/,0,null,1,Chrome Headless,Verify resource URL and ensure file exists on server
2025-09-17 22:49:04,https://www.pharmacymentor.com/pharmacy-website-compliance-check/,JAVASCRIPT_ERROR,SYNTAX_ERROR,CRITICAL,https://cdn.promotekit.com/promotekit.js 0:0 Uncaught SyntaxError: Identifier 'parsed_host_name' has already been declared,null,0,null,1,Chrome Headless,Fix JavaScript syntax errors
2025-09-17 22:49:10,https://www.pharmacymentor.com/courses/,JAVASCRIPT_ERROR,SYNTAX_ERROR,CRITICAL,https://cdn.promotekit.com/promotekit.js 0:0 Uncaught SyntaxError: Identifier 'parsed_host_name' has already been declared,null,0,null,1,Chrome Headless,Fix JavaScript syntax errors
2025-09-17 22:49:17,https://www.pharmacymentor.com/pharmacy-cpd-learning/,JAVASCRIPT_ERROR,SYNTAX_ERROR,CRITICAL,https://cdn.promotekit.com/promotekit.js 0:0 Uncaught SyntaxError: Identifier 'parsed_host_name' has already been declared,null,0,null,1,Chrome Headless,Fix JavaScript syntax errors
2025-09-17 22:49:24,https://www.pharmacymentor.com/clients-success-manager/,JAVASCRIPT_ERROR,SYNTAX_ERROR,CRITICAL,https://cdn.promotekit.com/promotekit.js 0:0 Uncaught SyntaxError: Identifier 'parsed_host_name' has already been declared,null,0,null,1,Chrome Headless,Fix JavaScript syntax errors
2025-09-17 22:49:30,https://www.pharmacymentor.com/pm-terms/,JAVASCRIPT_ERROR,SYNTAX_ERROR,CRITICAL,https://cdn.promotekit.com/promotekit.js 0:0 Uncaught SyntaxError: Identifier 'parsed_host_name' has already been declared,null,0,null,1,Chrome Headless,Fix JavaScript syntax errors
2025-09-17 22:49:39,https://www.pharmacymentor.com/digital-pharmacy/,GENERAL_ERROR,UNKNOWN_ERROR,HIGH,https://ajax.googleapis.com/ajax/libs/jquery/3.7.1/jquery.min.js 1 Allow attribute will take precedence over 'allowfullscreen'.,null,0,null,1,Chrome Headless,Investigate and categorize this error type
2025-09-17 22:49:39,https://www.pharmacymentor.com/digital-pharmacy/,JAVASCRIPT_ERROR,SYNTAX_ERROR,CRITICAL,https://cdn.promotekit.com/promotekit.js 0:0 Uncaught SyntaxError: Identifier 'parsed_host_name' has already been declared,null,0,null,1,Chrome Headless,Fix JavaScript syntax errors
2025-09-17 22:49:46,https://www.pharmacymentor.com/events/,JAVASCRIPT_ERROR,SYNTAX_ERROR,CRITICAL,https://cdn.promotekit.com/promotekit.js 0:0 Uncaught SyntaxError: Identifier 'parsed_host_name' has already been declared,null,0,null,1,Chrome Headless,Fix JavaScript syntax errors
2025-09-17 22:49:56,https://www.pharmacymentor.com/google-business-pharmacy-live-webinar/,JAVASCRIPT_ERROR,SYNTAX_ERROR,CRITICAL,https://cdn.promotekit.com/promotekit.js 0:0 Uncaught SyntaxError: Identifier 'parsed_host_name' has already been declared,null,0,null,1,Chrome Headless,Fix JavaScript syntax errors
2025-09-17 22:50:04,https://www.pharmacymentor.com/services/,JAVASCRIPT_ERROR,SYNTAX_ERROR,CRITICAL,https://cdn.promotekit.com/promotekit.js 0:0 Uncaught SyntaxError: Identifier 'parsed_host_name' has already been declared,null,0,null,1,Chrome Headless,Fix JavaScript syntax errors
2025-09-17 22:50:10,https://www.pharmacymentor.com/upw-onboarding-form/,JAVASCRIPT_ERROR,SYNTAX_ERROR,CRITICAL,https://cdn.promotekit.com/promotekit.js 0:0 Uncaught SyntaxError: Identifier 'parsed_host_name' has already been declared,null,0,null,1,Chrome Headless,Fix JavaScript syntax errors
2025-09-17 22:50:17,https://www.pharmacymentor.com/onboarding-form/,JAVASCRIPT_ERROR,SYNTAX_ERROR,CRITICAL,https://cdn.promotekit.com/promotekit.js 0:0 Uncaught SyntaxError: Identifier 'parsed_host_name' has already been declared,null,0,null,1,Chrome Headless,Fix JavaScript syntax errors
2025-09-17 22:50:25,https://www.pharmacymentor.com/weight-management-marketing/,JAVASCRIPT_ERROR,SYNTAX_ERROR,CRITICAL,https://cdn.promotekit.com/promotekit.js 0:0 Uncaught SyntaxError: Identifier 'parsed_host_name' has already been declared,null,0,null,1,Chrome Headless,Fix JavaScript syntax errors
2025-09-17 22:50:31,https://www.pharmacymentor.com/pharmacy-strategy/,JAVASCRIPT_ERROR,SYNTAX_ERROR,CRITICAL,https://cdn.promotekit.com/promotekit.js 0:0 Uncaught SyntaxError: Identifier 'parsed_host_name' has already been declared,null,0,null,1,Chrome Headless,Fix JavaScript syntax errors
2025-09-17 22:50:39,https://www.pharmacymentor.com/about/saam/,JAVASCRIPT_ERROR,SYNTAX_ERROR,CRITICAL,https://cdn.promotekit.com/promotekit.js 0:0 Uncaught SyntaxError: Identifier 'parsed_host_name' has already been declared,null,0,null,1,Chrome Headless,Fix JavaScript syntax errors
2025-09-17 22:50:46,https://www.pharmacymentor.com/upw-onboarding-form/upw-onboarding-form-submitted/,JAVASCRIPT_ERROR,SYNTAX_ERROR,CRITICAL,https://cdn.promotekit.com/promotekit.js 0:0 Uncaught SyntaxError: Identifier 'parsed_host_name' has already been declared,null,0,null,1,Chrome Headless,Fix JavaScript syntax errors
2025-09-17 22:50:53,https://www.pharmacymentor.com/sign-up/,JAVASCRIPT_ERROR,SYNTAX_ERROR,CRITICAL,https://cdn.promotekit.com/promotekit.js 0:0 Uncaught SyntaxError: Identifier 'parsed_host_name' has already been declared,null,0,null,1,Chrome Headless,Fix JavaScript syntax errors
2025-09-17 22:51:01,https://www.pharmacymentor.com/clients/,JAVASCRIPT_ERROR,SYNTAX_ERROR,CRITICAL,https://cdn.promotekit.com/promotekit.js 0:0 Uncaught SyntaxError: Identifier 'parsed_host_name' has already been declared,null,0,null,1,Chrome Headless,Fix JavaScript syntax errors
2025-09-17 22:51:07,https://www.pharmacymentor.com/service-level-agreement-sla-for-website-support/,JAVASCRIPT_ERROR,SYNTAX_ERROR,CRITICAL,https://cdn.promotekit.com/promotekit.js 0:0 Uncaught SyntaxError: Identifier 'parsed_host_name' has already been declared,null,0,null,1,Chrome Headless,Fix JavaScript syntax errors
2025-09-17 22:51:07,https://www.pharmacymentor.com/service-level-agreement-sla-for-website-support/,SECURITY_ERROR,CSP_VIOLATION,CRITICAL,security - [Report Only] Refused to frame 'https://www.google.com/' because an ancestor violates the following Content Security Policy directive: "frame-ancestors 'self'".
,null,0,null,1,Chrome Headless,Review and update Content Security Policy directives
2025-09-17 22:51:14,https://www.pharmacymentor.com/terms-and-conditions/,JAVASCRIPT_ERROR,SYNTAX_ERROR,CRITICAL,https://cdn.promotekit.com/promotekit.js 0:0 Uncaught SyntaxError: Identifier 'parsed_host_name' has already been declared,null,0,null,1,Chrome Headless,Fix JavaScript syntax errors
2025-09-17 22:51:29,https://www.pharmacymentor.com/about/,JAVASCRIPT_ERROR,SYNTAX_ERROR,CRITICAL,https://cdn.promotekit.com/promotekit.js 0:0 Uncaught SyntaxError: Identifier 'parsed_host_name' has already been declared,null,0,null,1,Chrome Headless,Fix JavaScript syntax errors
2025-09-17 22:51:36,https://www.pharmacymentor.com/other-publications/,JAVASCRIPT_ERROR,SYNTAX_ERROR,CRITICAL,https://cdn.promotekit.com/promotekit.js 0:0 Uncaught SyntaxError: Identifier 'parsed_host_name' has already been declared,null,0,null,1,Chrome Headless,Fix JavaScript syntax errors
2025-09-17 22:51:43,https://www.pharmacymentor.com/usa/,JAVASCRIPT_ERROR,SYNTAX_ERROR,CRITICAL,https://cdn.promotekit.com/promotekit.js 0:0 Uncaught SyntaxError: Identifier 'parsed_host_name' has already been declared,null,0,null,1,Chrome Headless,Fix JavaScript syntax errors
2025-09-17 22:51:50,https://www.pharmacymentor.com/case-studies/,JAVASCRIPT_ERROR,SYNTAX_ERROR,CRITICAL,https://cdn.promotekit.com/promotekit.js 0:0 Uncaught SyntaxError: Identifier 'parsed_host_name' has already been declared,null,0,null,1,Chrome Headless,Fix JavaScript syntax errors
2025-09-17 22:52:04,https://www.pharmacymentor.com/pharmacy-listing-growth-accelerator/,JAVASCRIPT_ERROR,SYNTAX_ERROR,CRITICAL,https://cdn.promotekit.com/promotekit.js 0:0 Uncaught SyntaxError: Identifier 'parsed_host_name' has already been declared,null,0,null,1,Chrome Headless,Fix JavaScript syntax errors
2025-09-17 22:54:09,https://www.pharmacymentor.com/upw/,JAVASCRIPT_ERROR,SYNTAX_ERROR,CRITICAL,https://cdn.promotekit.com/promotekit.js 0:0 Uncaught SyntaxError: Identifier 'parsed_host_name' has already been declared,null,0,null,1,Chrome Headless,Fix JavaScript syntax errors
2025-09-17 22:54:19,https://www.pharmacymentor.com/pharmacy-websites/,JAVASCRIPT_ERROR,SYNTAX_ERROR,CRITICAL,https://cdn.promotekit.com/promotekit.js 0:0 Uncaught SyntaxError: Identifier 'parsed_host_name' has already been declared,null,0,null,1,Chrome Headless,Fix JavaScript syntax errors
2025-09-17 22:54:28,https://www.pharmacymentor.com/contact-form/,JAVASCRIPT_ERROR,SYNTAX_ERROR,CRITICAL,https://cdn.promotekit.com/promotekit.js 0:0 Uncaught SyntaxError: Identifier 'parsed_host_name' has already been declared,null,0,null,1,Chrome Headless,Fix JavaScript syntax errors
2025-09-17 22:54:38,https://www.pharmacymentor.com/new-releases/,JAVASCRIPT_ERROR,SYNTAX_ERROR,CRITICAL,https://cdn.promotekit.com/promotekit.js 0:0 Uncaught SyntaxError: Identifier 'parsed_host_name' has already been declared,null,0,null,1,Chrome Headless,Fix JavaScript syntax errors
2025-09-17 22:54:46,https://www.pharmacymentor.com/technical-support/,JAVASCRIPT_ERROR,SYNTAX_ERROR,CRITICAL,https://cdn.promotekit.com/promotekit.js 0:0 Uncaught SyntaxError: Identifier 'parsed_host_name' has already been declared,null,0,null,1,Chrome Headless,Fix JavaScript syntax errors
2025-09-17 22:54:53,https://www.pharmacymentor.com/knowledge-base-woopw/,JAVASCRIPT_ERROR,SYNTAX_ERROR,CRITICAL,https://cdn.promotekit.com/promotekit.js 0:0 Uncaught SyntaxError: Identifier 'parsed_host_name' has already been declared,null,0,null,1,Chrome Headless,Fix JavaScript syntax errors
2025-09-17 22:55:00,https://www.pharmacymentor.com/shop/,JAVASCRIPT_ERROR,SYNTAX_ERROR,CRITICAL,https://cdn.promotekit.com/promotekit.js 0:0 Uncaught SyntaxError: Identifier 'parsed_host_name' has already been declared,null,0,null,1,Chrome Headless,Fix JavaScript syntax errors
2025-09-17 22:55:07,https://www.pharmacymentor.com/product/google-review-plate/,JAVASCRIPT_ERROR,SYNTAX_ERROR,CRITICAL,https://cdn.promotekit.com/promotekit.js 0:0 Uncaught SyntaxError: Identifier 'parsed_host_name' has already been declared,null,0,null,1,Chrome Headless,Fix JavaScript syntax errors
2025-09-17 22:55:17,https://www.pharmacymentor.com/product/template-sops-distance-selling-pharmacies/,JAVASCRIPT_ERROR,SYNTAX_ERROR,CRITICAL,https://cdn.promotekit.com/promotekit.js 0:0 Uncaught SyntaxError: Identifier 'parsed_host_name' has already been declared,null,0,null,1,Chrome Headless,Fix JavaScript syntax errors
2025-09-17 22:55:25,https://www.pharmacymentor.com/pharmdata-drive-your-pharmacy-business-through-data-analysis/,JAVASCRIPT_ERROR,SYNTAX_ERROR,CRITICAL,https://cdn.promotekit.com/promotekit.js 0:0 Uncaught SyntaxError: Identifier 'parsed_host_name' has already been declared,null,0,null,1,Chrome Headless,Fix JavaScript syntax errors
2025-09-17 22:55:32,https://www.pharmacymentor.com/organise-your-pharmacy-workload-and-life-with-trello/,JAVASCRIPT_ERROR,SYNTAX_ERROR,CRITICAL,https://cdn.promotekit.com/promotekit.js 0:0 Uncaught SyntaxError: Identifier 'parsed_host_name' has already been declared,null,0,null,1,Chrome Headless,Fix JavaScript syntax errors
2025-09-17 22:55:40,https://www.pharmacymentor.com/practical-ways-to-reduce-dispensing-errors/,JAVASCRIPT_ERROR,SYNTAX_ERROR,CRITICAL,https://cdn.promotekit.com/promotekit.js 0:0 Uncaught SyntaxError: Identifier 'parsed_host_name' has already been declared,null,0,null,1,Chrome Headless,Fix JavaScript syntax errors
2025-09-17 22:55:47,https://www.pharmacymentor.com/how-to-delegate-effectively-the-r-i-d-system/,JAVASCRIPT_ERROR,SYNTAX_ERROR,CRITICAL,https://cdn.promotekit.com/promotekit.js 0:0 Uncaught SyntaxError: Identifier 'parsed_host_name' has already been declared,null,0,null,1,Chrome Headless,Fix JavaScript syntax errors
2025-09-17 22:55:58,https://www.pharmacymentor.com/6-extremely-useful-apps-in-community-pharmacy-2017/,JAVASCRIPT_ERROR,SYNTAX_ERROR,CRITICAL,https://cdn.promotekit.com/promotekit.js 0:0 Uncaught SyntaxError: Identifier 'parsed_host_name' has already been declared,null,0,null,1,Chrome Headless,Fix JavaScript syntax errors
2025-09-17 22:56:06,https://www.pharmacymentor.com/buffer-your-pharmacy-social-media-strategy/,JAVASCRIPT_ERROR,SYNTAX_ERROR,CRITICAL,https://cdn.promotekit.com/promotekit.js 0:0 Uncaught SyntaxError: Identifier 'parsed_host_name' has already been declared,null,0,null,1,Chrome Headless,Fix JavaScript syntax errors
2025-09-17 22:56:14,https://www.pharmacymentor.com/5-reasons-independent-pharmacies-use-facebook/,JAVASCRIPT_ERROR,SYNTAX_ERROR,CRITICAL,https://cdn.promotekit.com/promotekit.js 0:0 Uncaught SyntaxError: Identifier 'parsed_host_name' has already been declared,null,0,null,1,Chrome Headless,Fix JavaScript syntax errors
2025-09-17 22:56:21,https://www.pharmacymentor.com/facebook-pharmacy/,JAVASCRIPT_ERROR,SYNTAX_ERROR,CRITICAL,https://cdn.promotekit.com/promotekit.js 0:0 Uncaught SyntaxError: Identifier 'parsed_host_name' has already been declared,null,0,null,1,Chrome Headless,Fix JavaScript syntax errors
2025-09-17 22:56:31,https://www.pharmacymentor.com/pharmacy-digital-diagnosis/,JAVASCRIPT_ERROR,SYNTAX_ERROR,CRITICAL,https://cdn.promotekit.com/promotekit.js 0:0 Uncaught SyntaxError: Identifier 'parsed_host_name' has already been declared,null,0,null,1,Chrome Headless,Fix JavaScript syntax errors
2025-09-17 22:56:43,https://www.pharmacymentor.com/community-pharmacy-blogging/,JAVASCRIPT_ERROR,SYNTAX_ERROR,CRITICAL,https://cdn.promotekit.com/promotekit.js 0:0 Uncaught SyntaxError: Identifier 'parsed_host_name' has already been declared,null,0,null,1,Chrome Headless,Fix JavaScript syntax errors
2025-09-17 22:56:52,https://www.pharmacymentor.com/totley-pharmacy-case-study-stale-facebook-page-to-engaging-hub-of-activity/,JAVASCRIPT_ERROR,SYNTAX_ERROR,CRITICAL,https://cdn.promotekit.com/promotekit.js 0:0 Uncaught SyntaxError: Identifier 'parsed_host_name' has already been declared,null,0,null,1,Chrome Headless,Fix JavaScript syntax errors
2025-09-17 22:57:02,https://www.pharmacymentor.com/the-evolution-of-digital-health/,JAVASCRIPT_ERROR,SYNTAX_ERROR,CRITICAL,https://cdn.promotekit.com/promotekit.js 0:0 Uncaught SyntaxError: Identifier 'parsed_host_name' has already been declared,null,0,null,1,Chrome Headless,Fix JavaScript syntax errors
2025-09-17 22:57:11,https://www.pharmacymentor.com/gdpr-for-community-pharmacy/,JAVASCRIPT_ERROR,SYNTAX_ERROR,CRITICAL,https://cdn.promotekit.com/promotekit.js 0:0 Uncaught SyntaxError: Identifier 'parsed_host_name' has already been declared,null,0,null,1,Chrome Headless,Fix JavaScript syntax errors
2025-09-17 22:57:23,https://www.pharmacymentor.com/driving-acquisition-visibility-and-recognition-for-my-locum-choice/,JAVASCRIPT_ERROR,SYNTAX_ERROR,CRITICAL,https://cdn.promotekit.com/promotekit.js 0:0 Uncaught SyntaxError: Identifier 'parsed_host_name' has already been declared,null,0,null,1,Chrome Headless,Fix JavaScript syntax errors
2025-09-17 22:57:33,https://www.pharmacymentor.com/mediapharm-case-study-content-creation-audience-building-and-client-aquisition/,JAVASCRIPT_ERROR,SYNTAX_ERROR,CRITICAL,https://cdn.promotekit.com/promotekit.js 0:0 Uncaught SyntaxError: Identifier 'parsed_host_name' has already been declared,null,0,null,1,Chrome Headless,Fix JavaScript syntax errors
2025-09-17 22:57:40,https://www.pharmacymentor.com/5-powerful-tools-to-help-expose-your-flu-jab-service/,JAVASCRIPT_ERROR,SYNTAX_ERROR,CRITICAL,https://cdn.promotekit.com/promotekit.js 0:0 Uncaught SyntaxError: Identifier 'parsed_host_name' has already been declared,null,0,null,1,Chrome Headless,Fix JavaScript syntax errors
2025-09-17 22:57:50,https://www.pharmacymentor.com/pharmacy-digital-age/,JAVASCRIPT_ERROR,SYNTAX_ERROR,CRITICAL,https://cdn.promotekit.com/promotekit.js 0:0 Uncaught SyntaxError: Identifier 'parsed_host_name' has already been declared,null,0,null,1,Chrome Headless,Fix JavaScript syntax errors
2025-09-17 22:57:59,https://www.pharmacymentor.com/google-business-community-pharmacy/,JAVASCRIPT_ERROR,SYNTAX_ERROR,CRITICAL,https://cdn.promotekit.com/promotekit.js 0:0 Uncaught SyntaxError: Identifier 'parsed_host_name' has already been declared,null,0,null,1,Chrome Headless,Fix JavaScript syntax errors
2025-09-17 22:58:07,https://www.pharmacymentor.com/pharmzap-improving-pharmacy-patient-communication/,JAVASCRIPT_ERROR,SYNTAX_ERROR,CRITICAL,https://cdn.promotekit.com/promotekit.js 0:0 Uncaught SyntaxError: Identifier 'parsed_host_name' has already been declared,null,0,null,1,Chrome Headless,Fix JavaScript syntax errors
2025-09-17 22:58:19,https://www.pharmacymentor.com/automate-pharmacy-training/,JAVASCRIPT_ERROR,SYNTAX_ERROR,CRITICAL,https://cdn.promotekit.com/promotekit.js 0:0 Uncaught SyntaxError: Identifier 'parsed_host_name' has already been declared,null,0,null,1,Chrome Headless,Fix JavaScript syntax errors
2025-09-17 22:58:35,https://www.pharmacymentor.com/clinical-pharmacy-apps/,JAVASCRIPT_ERROR,SYNTAX_ERROR,CRITICAL,https://cdn.promotekit.com/promotekit.js 0:0 Uncaught SyntaxError: Identifier 'parsed_host_name' has already been declared,null,0,null,1,Chrome Headless,Fix JavaScript syntax errors
2025-09-17 22:58:48,https://www.pharmacymentor.com/healthtech-for-pharmacies/,JAVASCRIPT_ERROR,SYNTAX_ERROR,CRITICAL,https://cdn.promotekit.com/promotekit.js 0:0 Uncaught SyntaxError: Identifier 'parsed_host_name' has already been declared,null,0,null,1,Chrome Headless,Fix JavaScript syntax errors
2025-09-17 22:59:08,https://www.pharmacymentor.com/how-to-market-the-covid-19-vaccine-pharmacy/,JAVASCRIPT_ERROR,SYNTAX_ERROR,CRITICAL,https://cdn.promotekit.com/promotekit.js 0:0 Uncaught SyntaxError: Identifier 'parsed_host_name' has already been declared,null,0,null,1,Chrome Headless,Fix JavaScript syntax errors
2025-09-17 22:59:35,https://www.pharmacymentor.com/covid-support/,JAVASCRIPT_ERROR,SYNTAX_ERROR,CRITICAL,https://cdn.promotekit.com/promotekit.js 0:0 Uncaught SyntaxError: Identifier 'parsed_host_name' has already been declared,null,0,null,1,Chrome Headless,Fix JavaScript syntax errors
2025-09-17 22:59:55,https://www.pharmacymentor.com/prescription-reordering-apps/,JAVASCRIPT_ERROR,SYNTAX_ERROR,CRITICAL,https://cdn.promotekit.com/promotekit.js 0:0 Uncaught SyntaxError: Identifier 'parsed_host_name' has already been declared,null,0,null,1,Chrome Headless,Fix JavaScript syntax errors
2025-09-17 23:00:03,https://www.pharmacymentor.com/top-digital-health-services-pharmacy-2021/,JAVASCRIPT_ERROR,SYNTAX_ERROR,CRITICAL,https://cdn.promotekit.com/promotekit.js 0:0 Uncaught SyntaxError: Identifier 'parsed_host_name' has already been declared,null,0,null,1,Chrome Headless,Fix JavaScript syntax errors
2025-09-17 23:00:03,https://www.pharmacymentor.com/top-digital-health-services-pharmacy-2021/,GENERAL_ERROR,UNKNOWN_ERROR,HIGH,https://www.pharmacymentor.com/top-digital-health-services-pharmacy-2021/ 454 Allow attribute will take precedence over 'allowfullscreen'.,null,0,null,1,Chrome Headless,Investigate and categorize this error type
2025-09-17 23:00:16,https://www.pharmacymentor.com/leading-pharmacies-forward-2021/,JAVASCRIPT_ERROR,SYNTAX_ERROR,CRITICAL,https://cdn.promotekit.com/promotekit.js 0:0 Uncaught SyntaxError: Identifier 'parsed_host_name' has already been declared,null,0,null,1,Chrome Headless,Fix JavaScript syntax errors
2025-09-17 23:00:27,https://www.pharmacymentor.com/google-my-business-new-free-marketing-kit/,JAVASCRIPT_ERROR,SYNTAX_ERROR,CRITICAL,https://cdn.promotekit.com/promotekit.js 0:0 Uncaught SyntaxError: Identifier 'parsed_host_name' has already been declared,null,0,null,1,Chrome Headless,Fix JavaScript syntax errors
2025-09-17 23:00:46,https://www.pharmacymentor.com/training-cloyne-pharmacy-on-the-use-of-facebook-for-business/,JAVASCRIPT_ERROR,SYNTAX_ERROR,CRITICAL,https://cdn.promotekit.com/promotekit.js 0:0 Uncaught SyntaxError: Identifier 'parsed_host_name' has already been declared,null,0,null,1,Chrome Headless,Fix JavaScript syntax errors
2025-09-17 23:00:57,https://www.pharmacymentor.com/case-study-redeveloping-the-digital-ecosystem-of-a-pharmacy-from-scratch/,JAVASCRIPT_ERROR,SYNTAX_ERROR,CRITICAL,https://cdn.promotekit.com/promotekit.js 0:0 Uncaught SyntaxError: Identifier 'parsed_host_name' has already been declared,null,0,null,1,Chrome Headless,Fix JavaScript syntax errors
2025-09-17 23:01:11,https://www.pharmacymentor.com/impact-study-building-an-e-commerce-solution-for-an-aesthetics-pharmacy/,JAVASCRIPT_ERROR,SYNTAX_ERROR,CRITICAL,https://cdn.promotekit.com/promotekit.js 0:0 Uncaught SyntaxError: Identifier 'parsed_host_name' has already been declared,null,0,null,1,Chrome Headless,Fix JavaScript syntax errors
2025-09-17 23:01:18,https://www.pharmacymentor.com/marketing-travel-clinic/,JAVASCRIPT_ERROR,SYNTAX_ERROR,CRITICAL,https://cdn.promotekit.com/promotekit.js 0:0 Uncaught SyntaxError: Identifier 'parsed_host_name' has already been declared,null,0,null,1,Chrome Headless,Fix JavaScript syntax errors
2025-09-17 23:01:26,https://www.pharmacymentor.com/case-study-reach-pharmacys-flu-jab-service-google-domination/,JAVASCRIPT_ERROR,SYNTAX_ERROR,CRITICAL,https://cdn.promotekit.com/promotekit.js 0:0 Uncaught SyntaxError: Identifier 'parsed_host_name' has already been declared,null,0,null,1,Chrome Headless,Fix JavaScript syntax errors
2025-09-17 23:01:34,https://www.pharmacymentor.com/seo-pharmacy-google-guide/,JAVASCRIPT_ERROR,SYNTAX_ERROR,CRITICAL,https://cdn.promotekit.com/promotekit.js 0:0 Uncaught SyntaxError: Identifier 'parsed_host_name' has already been declared,null,0,null,1,Chrome Headless,Fix JavaScript syntax errors
2025-09-17 23:01:41,https://www.pharmacymentor.com/digital-advertising-pharmacy/,JAVASCRIPT_ERROR,SYNTAX_ERROR,CRITICAL,https://cdn.promotekit.com/promotekit.js 0:0 Uncaught SyntaxError: Identifier 'parsed_host_name' has already been declared,null,0,null,1,Chrome Headless,Fix JavaScript syntax errors
2025-09-17 23:01:49,https://www.pharmacymentor.com/nextdoor-for-your-pharmacy/,JAVASCRIPT_ERROR,SYNTAX_ERROR,CRITICAL,https://cdn.promotekit.com/promotekit.js 0:0 Uncaught SyntaxError: Identifier 'parsed_host_name' has already been declared,null,0,null,1,Chrome Headless,Fix JavaScript syntax errors
2025-09-17 23:01:56,https://www.pharmacymentor.com/pharmacy-show-2021-2/,JAVASCRIPT_ERROR,SYNTAX_ERROR,CRITICAL,https://cdn.promotekit.com/promotekit.js 0:0 Uncaught SyntaxError: Identifier 'parsed_host_name' has already been declared,null,0,null,1,Chrome Headless,Fix JavaScript syntax errors
2025-09-17 23:02:03,https://www.pharmacymentor.com/case-study-helping-a-pharmacy-make-over-220000-per-month-via-e-commerce/,JAVASCRIPT_ERROR,SYNTAX_ERROR,CRITICAL,https://cdn.promotekit.com/promotekit.js 0:0 Uncaught SyntaxError: Identifier 'parsed_host_name' has already been declared,null,0,null,1,Chrome Headless,Fix JavaScript syntax errors
2025-09-17 23:02:11,https://www.pharmacymentor.com/online-payment-gateways-for-pharmacy-uk/,JAVASCRIPT_ERROR,SYNTAX_ERROR,CRITICAL,https://cdn.promotekit.com/promotekit.js 0:0 Uncaught SyntaxError: Identifier 'parsed_host_name' has already been declared,null,0,null,1,Chrome Headless,Fix JavaScript syntax errors
2025-09-17 23:02:19,https://www.pharmacymentor.com/case-study-advanced-google-ads/,JAVASCRIPT_ERROR,SYNTAX_ERROR,CRITICAL,https://cdn.promotekit.com/promotekit.js 0:0 Uncaught SyntaxError: Identifier 'parsed_host_name' has already been declared,null,0,null,1,Chrome Headless,Fix JavaScript syntax errors
2025-09-17 23:02:26,https://www.pharmacymentor.com/pharmacy-ecommerce-website-setup/,JAVASCRIPT_ERROR,SYNTAX_ERROR,CRITICAL,https://cdn.promotekit.com/promotekit.js 0:0 Uncaught SyntaxError: Identifier 'parsed_host_name' has already been declared,null,0,null,1,Chrome Headless,Fix JavaScript syntax errors
2025-09-17 23:02:34,https://www.pharmacymentor.com/ear-hearing-health-services/,JAVASCRIPT_ERROR,SYNTAX_ERROR,CRITICAL,https://cdn.promotekit.com/promotekit.js 0:0 Uncaught SyntaxError: Identifier 'parsed_host_name' has already been declared,null,0,null,1,Chrome Headless,Fix JavaScript syntax errors
2025-09-17 23:02:44,https://www.pharmacymentor.com/case-study-pharmacy-website-attracts-81k-visitors-in-6-months/,JAVASCRIPT_ERROR,SYNTAX_ERROR,CRITICAL,https://cdn.promotekit.com/promotekit.js 0:0 Uncaught SyntaxError: Identifier 'parsed_host_name' has already been declared,null,0,null,1,Chrome Headless,Fix JavaScript syntax errors
2025-09-17 23:02:52,https://www.pharmacymentor.com/digital-ecosystem-case-study/,JAVASCRIPT_ERROR,SYNTAX_ERROR,CRITICAL,https://cdn.promotekit.com/promotekit.js 0:0 Uncaught SyntaxError: Identifier 'parsed_host_name' has already been declared,null,0,null,1,Chrome Headless,Fix JavaScript syntax errors
2025-09-17 23:02:59,https://www.pharmacymentor.com/independent-pharmacy-marketing-agency/,JAVASCRIPT_ERROR,SYNTAX_ERROR,CRITICAL,https://cdn.promotekit.com/promotekit.js 0:0 Uncaught SyntaxError: Identifier 'parsed_host_name' has already been declared,null,0,null,1,Chrome Headless,Fix JavaScript syntax errors
2025-09-17 23:03:06,https://www.pharmacymentor.com/pharmaself24-marketing-case-study/,JAVASCRIPT_ERROR,SYNTAX_ERROR,CRITICAL,https://cdn.promotekit.com/promotekit.js 0:0 Uncaught SyntaxError: Identifier 'parsed_host_name' has already been declared,null,0,null,1,Chrome Headless,Fix JavaScript syntax errors
2025-09-17 23:03:15,https://www.pharmacymentor.com/pharmacy-automation-ultimate-guide/,JAVASCRIPT_ERROR,SYNTAX_ERROR,CRITICAL,https://cdn.promotekit.com/promotekit.js 0:0 Uncaught SyntaxError: Identifier 'parsed_host_name' has already been declared,null,0,null,1,Chrome Headless,Fix JavaScript syntax errors
2025-09-17 23:03:22,https://www.pharmacymentor.com/pharmacy-website-design/,JAVASCRIPT_ERROR,SYNTAX_ERROR,CRITICAL,https://cdn.promotekit.com/promotekit.js 0:0 Uncaught SyntaxError: Identifier 'parsed_host_name' has already been declared,null,0,null,1,Chrome Headless,Fix JavaScript syntax errors
2025-09-17 23:03:31,https://www.pharmacymentor.com/preferred-supplier-alphega-pharmacy-uk/,JAVASCRIPT_ERROR,SYNTAX_ERROR,CRITICAL,https://cdn.promotekit.com/promotekit.js 0:0 Uncaught SyntaxError: Identifier 'parsed_host_name' has already been declared,null,0,null,1,Chrome Headless,Fix JavaScript syntax errors
2025-09-17 23:03:39,https://www.pharmacymentor.com/distance-selling-pharmacy-websites-new-regulations/,JAVASCRIPT_ERROR,SYNTAX_ERROR,CRITICAL,https://cdn.promotekit.com/promotekit.js 0:0 Uncaught SyntaxError: Identifier 'parsed_host_name' has already been declared,null,0,null,1,Chrome Headless,Fix JavaScript syntax errors
2025-09-17 23:03:46,https://www.pharmacymentor.com/online-independent-prescriber-clinic/,JAVASCRIPT_ERROR,SYNTAX_ERROR,CRITICAL,https://cdn.promotekit.com/promotekit.js 0:0 Uncaught SyntaxError: Identifier 'parsed_host_name' has already been declared,null,0,null,1,Chrome Headless,Fix JavaScript syntax errors
2025-09-17 23:03:53,https://www.pharmacymentor.com/pharmacy-website-features/,JAVASCRIPT_ERROR,SYNTAX_ERROR,CRITICAL,https://cdn.promotekit.com/promotekit.js 0:0 Uncaught SyntaxError: Identifier 'parsed_host_name' has already been declared,null,0,null,1,Chrome Headless,Fix JavaScript syntax errors
2025-09-17 23:04:01,https://www.pharmacymentor.com/intranet-case-study/,JAVASCRIPT_ERROR,SYNTAX_ERROR,CRITICAL,https://cdn.promotekit.com/promotekit.js 0:0 Uncaught SyntaxError: Identifier 'parsed_host_name' has already been declared,null,0,null,1,Chrome Headless,Fix JavaScript syntax errors
2025-09-17 23:04:08,https://www.pharmacymentor.com/distance-selling-pharmacies-need-website/,JAVASCRIPT_ERROR,SYNTAX_ERROR,CRITICAL,https://cdn.promotekit.com/promotekit.js 0:0 Uncaught SyntaxError: Identifier 'parsed_host_name' has already been declared,null,0,null,1,Chrome Headless,Fix JavaScript syntax errors
2025-09-17 23:04:16,https://www.pharmacymentor.com/edinburgh-case-study-2/,JAVASCRIPT_ERROR,SYNTAX_ERROR,CRITICAL,https://cdn.promotekit.com/promotekit.js 0:0 Uncaught SyntaxError: Identifier 'parsed_host_name' has already been declared,null,0,null,1,Chrome Headless,Fix JavaScript syntax errors
2025-09-17 23:04:23,https://www.pharmacymentor.com/eps-signup-case-study/,JAVASCRIPT_ERROR,SYNTAX_ERROR,CRITICAL,https://cdn.promotekit.com/promotekit.js 0:0 Uncaught SyntaxError: Identifier 'parsed_host_name' has already been declared,null,0,null,1,Chrome Headless,Fix JavaScript syntax errors
2025-09-17 23:04:31,https://www.pharmacymentor.com/pharmacy-blog-industry-missing-gold-rush/,JAVASCRIPT_ERROR,SYNTAX_ERROR,CRITICAL,https://cdn.promotekit.com/promotekit.js 0:0 Uncaught SyntaxError: Identifier 'parsed_host_name' has already been declared,null,0,null,1,Chrome Headless,Fix JavaScript syntax errors
2025-09-17 23:04:39,https://www.pharmacymentor.com/google-ads-for-pharmacy-services/,JAVASCRIPT_ERROR,SYNTAX_ERROR,CRITICAL,https://cdn.promotekit.com/promotekit.js 0:0 Uncaught SyntaxError: Identifier 'parsed_host_name' has already been declared,null,0,null,1,Chrome Headless,Fix JavaScript syntax errors
2025-09-17 23:04:48,https://www.pharmacymentor.com/pharmacy-epos-systems-comparison-guide-2022/,JAVASCRIPT_ERROR,SYNTAX_ERROR,CRITICAL,https://cdn.promotekit.com/promotekit.js 0:0 Uncaught SyntaxError: Identifier 'parsed_host_name' has already been declared,null,0,null,1,Chrome Headless,Fix JavaScript syntax errors
2025-09-17 23:04:56,https://www.pharmacymentor.com/pharmacy-dispensing-robots-guide-uk-2022/,JAVASCRIPT_ERROR,SYNTAX_ERROR,CRITICAL,https://cdn.promotekit.com/promotekit.js 0:0 Uncaught SyntaxError: Identifier 'parsed_host_name' has already been declared,null,0,null,1,Chrome Headless,Fix JavaScript syntax errors
2025-09-17 23:05:03,https://www.pharmacymentor.com/reshaping-pharmacy-mentor/,JAVASCRIPT_ERROR,SYNTAX_ERROR,CRITICAL,https://cdn.promotekit.com/promotekit.js 0:0 Uncaught SyntaxError: Identifier 'parsed_host_name' has already been declared,null,0,null,1,Chrome Headless,Fix JavaScript syntax errors
2025-09-17 23:05:10,https://www.pharmacymentor.com/pharmacies-marketing-spend/,JAVASCRIPT_ERROR,SYNTAX_ERROR,CRITICAL,https://cdn.promotekit.com/promotekit.js 0:0 Uncaught SyntaxError: Identifier 'parsed_host_name' has already been declared,null,0,null,1,Chrome Headless,Fix JavaScript syntax errors
2025-09-17 23:05:17,https://www.pharmacymentor.com/selling-your-pharmacy/,JAVASCRIPT_ERROR,SYNTAX_ERROR,CRITICAL,https://cdn.promotekit.com/promotekit.js 0:0 Uncaught SyntaxError: Identifier 'parsed_host_name' has already been declared,null,0,null,1,Chrome Headless,Fix JavaScript syntax errors
2025-09-17 23:05:25,https://www.pharmacymentor.com/ai-change-pharmacy/,JAVASCRIPT_ERROR,SYNTAX_ERROR,CRITICAL,https://cdn.promotekit.com/promotekit.js 0:0 Uncaught SyntaxError: Identifier 'parsed_host_name' has already been declared,null,0,null,1,Chrome Headless,Fix JavaScript syntax errors
2025-09-17 23:05:33,https://www.pharmacymentor.com/pharmacy-advertising-complete-guide/,JAVASCRIPT_ERROR,SYNTAX_ERROR,CRITICAL,https://cdn.promotekit.com/promotekit.js 0:0 Uncaught SyntaxError: Identifier 'parsed_host_name' has already been declared,null,0,null,1,Chrome Headless,Fix JavaScript syntax errors
2025-09-17 23:05:40,https://www.pharmacymentor.com/5-ways-boost-travel-clinic-booking-pharmacy/,JAVASCRIPT_ERROR,SYNTAX_ERROR,CRITICAL,https://cdn.promotekit.com/promotekit.js 0:0 Uncaught SyntaxError: Identifier 'parsed_host_name' has already been declared,null,0,null,1,Chrome Headless,Fix JavaScript syntax errors
2025-09-17 23:05:47,https://www.pharmacymentor.com/boosting-travel-clinic-google-ads/,JAVASCRIPT_ERROR,SYNTAX_ERROR,CRITICAL,https://cdn.promotekit.com/promotekit.js 0:0 Uncaught SyntaxError: Identifier 'parsed_host_name' has already been declared,null,0,null,1,Chrome Headless,Fix JavaScript syntax errors
2025-09-17 23:05:55,https://www.pharmacymentor.com/bing-pharmacy-patients/,JAVASCRIPT_ERROR,SYNTAX_ERROR,CRITICAL,https://cdn.promotekit.com/promotekit.js 0:0 Uncaught SyntaxError: Identifier 'parsed_host_name' has already been declared,null,0,null,1,Chrome Headless,Fix JavaScript syntax errors
2025-09-17 23:06:02,https://www.pharmacymentor.com/pharmacy-google-maps-ads/,JAVASCRIPT_ERROR,SYNTAX_ERROR,CRITICAL,https://cdn.promotekit.com/promotekit.js 0:0 Uncaught SyntaxError: Identifier 'parsed_host_name' has already been declared,null,0,null,1,Chrome Headless,Fix JavaScript syntax errors
2025-09-17 23:06:25,https://www.pharmacymentor.com/7-key-steps-rank-google-maps-for-pharmacies/,JAVASCRIPT_ERROR,SYNTAX_ERROR,CRITICAL,https://cdn.promotekit.com/promotekit.js 0:0 Uncaught SyntaxError: Identifier 'parsed_host_name' has already been declared,null,0,null,1,Chrome Headless,Fix JavaScript syntax errors
2025-09-17 23:06:33,https://www.pharmacymentor.com/case-studies-marketing-pcr-tests/,JAVASCRIPT_ERROR,SYNTAX_ERROR,CRITICAL,https://cdn.promotekit.com/promotekit.js 0:0 Uncaught SyntaxError: Identifier 'parsed_host_name' has already been declared,null,0,null,1,Chrome Headless,Fix JavaScript syntax errors
2025-09-17 23:06:42,https://www.pharmacymentor.com/case-study-google-seo-blogging/,JAVASCRIPT_ERROR,SYNTAX_ERROR,CRITICAL,https://cdn.promotekit.com/promotekit.js 0:0 Uncaught SyntaxError: Identifier 'parsed_host_name' has already been declared,null,0,null,1,Chrome Headless,Fix JavaScript syntax errors
2025-09-17 23:06:52,https://www.pharmacymentor.com/nurokor-bioelectronics-healthcare-impact/,GENERAL_ERROR,UNKNOWN_ERROR,HIGH,about:blank - An iframe which has both allow-scripts and allow-same-origin for its sandbox attribute can escape its sandboxing.,null,0,null,1,Chrome Headless,Investigate and categorize this error type
2025-09-17 23:06:52,https://www.pharmacymentor.com/nurokor-bioelectronics-healthcare-impact/,JAVASCRIPT_ERROR,SYNTAX_ERROR,CRITICAL,https://cdn.promotekit.com/promotekit.js 0:0 Uncaught SyntaxError: Identifier 'parsed_host_name' has already been declared,null,0,null,1,Chrome Headless,Fix JavaScript syntax errors
2025-09-17 23:07:05,https://www.pharmacymentor.com/pharmacy-google-searches-uk/,JAVASCRIPT_ERROR,SYNTAX_ERROR,CRITICAL,https://cdn.promotekit.com/promotekit.js 0:0 Uncaught SyntaxError: Identifier 'parsed_host_name' has already been declared,null,0,null,1,Chrome Headless,Fix JavaScript syntax errors
2025-09-17 23:07:16,https://www.pharmacymentor.com/internet-of-things-pharmacy/,JAVASCRIPT_ERROR,SYNTAX_ERROR,CRITICAL,https://cdn.promotekit.com/promotekit.js 0:0 Uncaught SyntaxError: Identifier 'parsed_host_name' has already been declared,null,0,null,1,Chrome Headless,Fix JavaScript syntax errors
2025-09-17 23:07:24,https://www.pharmacymentor.com/pharmacy-show-2022-2/,JAVASCRIPT_ERROR,SYNTAX_ERROR,CRITICAL,https://cdn.promotekit.com/promotekit.js 0:0 Uncaught SyntaxError: Identifier 'parsed_host_name' has already been declared,null,0,null,1,Chrome Headless,Fix JavaScript syntax errors
2025-09-17 23:10:24,https://www.pharmacymentor.com/black-friday-cyber-monday-pharmacy-guide/,ACCESS_ERROR,PAGE_LOAD_FAILURE,CRITICAL,Failed to load page: java.util.concurrent.TimeoutException
Build info: version: '4.12.0', revision: '249f2a7d1b*'
System info: os.name: 'Windows 11', os.arch: 'amd64', os.version: '10.0', java.version: '25'
Driver info: org.openqa.selenium.chrome.ChromeDriver
Command: [8f1f3a282796828b06efc29fd0d9a211, get {url=https://www.pharmacymentor.com/black-friday-cyber-monday-pharmacy-guide/}]
Capabilities {acceptInsecureCerts: false, browserName: chrome, browserVersion: 140.0.7339.128, chrome: {chromedriverVersion: 140.0.7339.82 (bc93617e21c3..., userDataDir: C:\Users\user\AppData\Local...}, fedcm:accounts: true, goog:chromeOptions: {debuggerAddress: localhost:53299}, networkConnectionEnabled: false, pageLoadStrategy: normal, platformName: windows, proxy: Proxy(), se:cdp: ws://localhost:53299/devtoo..., se:cdpVersion: 140.0.7339.128, setWindowRect: true, strictFileInteractability: false, timeouts: {implicit: 0, pageLoad: 300000, script: 30000}, unhandledPromptBehavior: dismiss and notify, webauthn:extension:credBlob: true, webauthn:extension:largeBlob: true, webauthn:extension:minPinLength: true, webauthn:extension:prf: true, webauthn:virtualAuthenticators: true}
Session ID: 8f1f3a282796828b06efc29fd0d9a211,N/A,0,,1,Chrome Headless,Check URL accessibility, server response, and network connectivity
2025-09-17 23:12:34,https://www.pharmacymentor.com/big-data-pharmacy/,JAVASCRIPT_ERROR,SYNTAX_ERROR,CRITICAL,https://cdn.promotekit.com/promotekit.js 0:0 Uncaught SyntaxError: Identifier 'parsed_host_name' has already been declared,null,0,null,1,Chrome Headless,Fix JavaScript syntax errors
2025-09-17 23:12:34,https://www.pharmacymentor.com/big-data-pharmacy/,JAVASCRIPT_ERROR,SYNTAX_ERROR,CRITICAL,https://cdn.promotekit.com/promotekit.js 0:0 Uncaught SyntaxError: Identifier 'parsed_host_name' has already been declared,null,0,null,1,Chrome Headless,Fix JavaScript syntax errors
2025-09-17 23:12:41,https://www.pharmacymentor.com/data-collection-pharmacy/,JAVASCRIPT_ERROR,SYNTAX_ERROR,CRITICAL,https://cdn.promotekit.com/promotekit.js 0:0 Uncaught SyntaxError: Identifier 'parsed_host_name' has already been declared,null,0,null,1,Chrome Headless,Fix JavaScript syntax errors
2025-09-17 23:12:49,https://www.pharmacymentor.com/email-marketing-pharmacy-2/,JAVASCRIPT_ERROR,SYNTAX_ERROR,CRITICAL,https://cdn.promotekit.com/promotekit.js 0:0 Uncaught SyntaxError: Identifier 'parsed_host_name' has already been declared,null,0,null,1,Chrome Headless,Fix JavaScript syntax errors
2025-09-17 23:12:56,https://www.pharmacymentor.com/case-study-private-clinic-marketing-1/,JAVASCRIPT_ERROR,SYNTAX_ERROR,CRITICAL,https://cdn.promotekit.com/promotekit.js 0:0 Uncaught SyntaxError: Identifier 'parsed_host_name' has already been declared,null,0,null,1,Chrome Headless,Fix JavaScript syntax errors
2025-09-17 23:15:56,https://www.pharmacymentor.com/metaverse-pharmacy/,ACCESS_ERROR,PAGE_LOAD_FAILURE,CRITICAL,Failed to load page: java.util.concurrent.TimeoutException
Build info: version: '4.12.0', revision: '249f2a7d1b*'
System info: os.name: 'Windows 11', os.arch: 'amd64', os.version: '10.0', java.version: '25'
Driver info: org.openqa.selenium.chrome.ChromeDriver
Command: [8f1f3a282796828b06efc29fd0d9a211, get {url=https://www.pharmacymentor.com/metaverse-pharmacy/}]
Capabilities {acceptInsecureCerts: false, browserName: chrome, browserVersion: 140.0.7339.128, chrome: {chromedriverVersion: 140.0.7339.82 (bc93617e21c3..., userDataDir: C:\Users\user\AppData\Local...}, fedcm:accounts: true, goog:chromeOptions: {debuggerAddress: localhost:53299}, networkConnectionEnabled: false, pageLoadStrategy: normal, platformName: windows, proxy: Proxy(), se:cdp: ws://localhost:53299/devtoo..., se:cdpVersion: 140.0.7339.128, setWindowRect: true, strictFileInteractability: false, timeouts: {implicit: 0, pageLoad: 300000, script: 30000}, unhandledPromptBehavior: dismiss and notify, webauthn:extension:credBlob: true, webauthn:extension:largeBlob: true, webauthn:extension:minPinLength: true, webauthn:extension:prf: true, webauthn:virtualAuthenticators: true}
Session ID: 8f1f3a282796828b06efc29fd0d9a211,N/A,0,,1,Chrome Headless,Check URL accessibility, server response, and network connectivity
2025-09-17 23:16:45,https://www.pharmacymentor.com/chemist-druggist-award-winners-2022/,JAVASCRIPT_ERROR,SYNTAX_ERROR,CRITICAL,https://cdn.promotekit.com/promotekit.js 0:0 Uncaught SyntaxError: Identifier 'parsed_host_name' has already been declared,null,0,null,1,Chrome Headless,Fix JavaScript syntax errors
2025-09-17 23:16:45,https://www.pharmacymentor.com/chemist-druggist-award-winners-2022/,JAVASCRIPT_ERROR,SYNTAX_ERROR,CRITICAL,https://cdn.promotekit.com/promotekit.js 0:0 Uncaught SyntaxError: Identifier 'parsed_host_name' has already been declared,null,0,null,1,Chrome Headless,Fix JavaScript syntax errors
2025-09-17 23:16:52,https://www.pharmacymentor.com/boost-pharmacy-retail-sales-footfall/,JAVASCRIPT_ERROR,SYNTAX_ERROR,CRITICAL,https://cdn.promotekit.com/promotekit.js 0:0 Uncaught SyntaxError: Identifier 'parsed_host_name' has already been declared,null,0,null,1,Chrome Headless,Fix JavaScript syntax errors
2025-09-17 23:19:52,https://www.pharmacymentor.com/12-pharmacy-tiktok-tips/,ACCESS_ERROR,PAGE_LOAD_FAILURE,CRITICAL,Failed to load page: java.util.concurrent.TimeoutException
Build info: version: '4.12.0', revision: '249f2a7d1b*'
System info: os.name: 'Windows 11', os.arch: 'amd64', os.version: '10.0', java.version: '25'
Driver info: org.openqa.selenium.chrome.ChromeDriver
Command: [8f1f3a282796828b06efc29fd0d9a211, get {url=https://www.pharmacymentor.com/12-pharmacy-tiktok-tips/}]
Capabilities {acceptInsecureCerts: false, browserName: chrome, browserVersion: 140.0.7339.128, chrome: {chromedriverVersion: 140.0.7339.82 (bc93617e21c3..., userDataDir: C:\Users\user\AppData\Local...}, fedcm:accounts: true, goog:chromeOptions: {debuggerAddress: localhost:53299}, networkConnectionEnabled: false, pageLoadStrategy: normal, platformName: windows, proxy: Proxy(), se:cdp: ws://localhost:53299/devtoo..., se:cdpVersion: 140.0.7339.128, setWindowRect: true, strictFileInteractability: false, timeouts: {implicit: 0, pageLoad: 300000, script: 30000}, unhandledPromptBehavior: dismiss and notify, webauthn:extension:credBlob: true, webauthn:extension:largeBlob: true, webauthn:extension:minPinLength: true, webauthn:extension:prf: true, webauthn:virtualAuthenticators: true}
Session ID: 8f1f3a282796828b06efc29fd0d9a211,N/A,0,,1,Chrome Headless,Check URL accessibility, server response, and network connectivity
2025-09-17 23:21:09,https://www.pharmacymentor.com/6-community-pharmacy-partners/,JAVASCRIPT_ERROR,SYNTAX_ERROR,CRITICAL,https://cdn.promotekit.com/promotekit.js 0:0 Uncaught SyntaxError: Identifier 'parsed_host_name' has already been declared,null,0,null,1,Chrome Headless,Fix JavaScript syntax errors
2025-09-17 23:21:09,https://www.pharmacymentor.com/6-community-pharmacy-partners/,NETWORK_ERROR,RESOURCE_LOAD_FAILURE,CRITICAL,https://media.giphy.com/media/QWDzQZMJfyMVxupz7H/giphy.gif - Failed to load resource: net::ERR_QUIC_PROTOCOL_ERROR,null,0,null,1,Chrome Headless,Verify resource URLs and server availability
2025-09-17 23:21:09,https://www.pharmacymentor.com/6-community-pharmacy-partners/,JAVASCRIPT_ERROR,SYNTAX_ERROR,CRITICAL,https://cdn.promotekit.com/promotekit.js 0:0 Uncaught SyntaxError: Identifier 'parsed_host_name' has already been declared,null,0,null,1,Chrome Headless,Fix JavaScript syntax errors
2025-09-17 23:21:16,https://www.pharmacymentor.com/prescription-collection-machine-buyers-guide/,JAVASCRIPT_ERROR,SYNTAX_ERROR,CRITICAL,https://cdn.promotekit.com/promotekit.js 0:0 Uncaught SyntaxError: Identifier 'parsed_host_name' has already been declared,null,0,null,1,Chrome Headless,Fix JavaScript syntax errors
2025-09-17 23:21:25,https://www.pharmacymentor.com/marketing-ehc-ed-guide/,JAVASCRIPT_ERROR,SYNTAX_ERROR,CRITICAL,https://cdn.promotekit.com/promotekit.js 0:0 Uncaught SyntaxError: Identifier 'parsed_host_name' has already been declared,null,0,null,1,Chrome Headless,Fix JavaScript syntax errors
2025-09-17 23:21:33,https://www.pharmacymentor.com/building-pharmacy-culture/,JAVASCRIPT_ERROR,SYNTAX_ERROR,CRITICAL,https://cdn.promotekit.com/promotekit.js 0:0 Uncaught SyntaxError: Identifier 'parsed_host_name' has already been declared,null,0,null,1,Chrome Headless,Fix JavaScript syntax errors
2025-09-17 23:21:40,https://www.pharmacymentor.com/pharmacy-mentors-2022-recap/,JAVASCRIPT_ERROR,SYNTAX_ERROR,CRITICAL,https://cdn.promotekit.com/promotekit.js 0:0 Uncaught SyntaxError: Identifier 'parsed_host_name' has already been declared,null,0,null,1,Chrome Headless,Fix JavaScript syntax errors
2025-09-17 23:21:48,https://www.pharmacymentor.com/case-study-around-19-to-190-travel-clinic-bookings-in-30-days-3/,JAVASCRIPT_ERROR,SYNTAX_ERROR,CRITICAL,https://cdn.promotekit.com/promotekit.js 0:0 Uncaught SyntaxError: Identifier 'parsed_host_name' has already been declared,null,0,null,1,Chrome Headless,Fix JavaScript syntax errors
2025-09-17 23:21:55,https://www.pharmacymentor.com/wearable-technology-pharmacy/,JAVASCRIPT_ERROR,SYNTAX_ERROR,CRITICAL,https://cdn.promotekit.com/promotekit.js 0:0 Uncaught SyntaxError: Identifier 'parsed_host_name' has already been declared,null,0,null,1,Chrome Headless,Fix JavaScript syntax errors
2025-09-17 23:22:02,https://www.pharmacymentor.com/flu-clinic-case-study-chain/,JAVASCRIPT_ERROR,SYNTAX_ERROR,CRITICAL,https://cdn.promotekit.com/promotekit.js 0:0 Uncaught SyntaxError: Identifier 'parsed_host_name' has already been declared,null,0,null,1,Chrome Headless,Fix JavaScript syntax errors
2025-09-17 23:22:10,https://www.pharmacymentor.com/increasing-pharmacy-sales-upselling/,JAVASCRIPT_ERROR,SYNTAX_ERROR,CRITICAL,https://cdn.promotekit.com/promotekit.js 0:0 Uncaught SyntaxError: Identifier 'parsed_host_name' has already been declared,null,0,null,1,Chrome Headless,Fix JavaScript syntax errors
2025-09-17 23:22:17,https://www.pharmacymentor.com/patient-migration-case-study/,JAVASCRIPT_ERROR,SYNTAX_ERROR,CRITICAL,https://cdn.promotekit.com/promotekit.js 0:0 Uncaught SyntaxError: Identifier 'parsed_host_name' has already been declared,null,0,null,1,Chrome Headless,Fix JavaScript syntax errors
2025-09-17 23:22:25,https://www.pharmacymentor.com/travel-clinic-case-study-2022/,JAVASCRIPT_ERROR,SYNTAX_ERROR,CRITICAL,https://cdn.promotekit.com/promotekit.js 0:0 Uncaught SyntaxError: Identifier 'parsed_host_name' has already been declared,null,0,null,1,Chrome Headless,Fix JavaScript syntax errors
2025-09-17 23:22:32,https://www.pharmacymentor.com/pharmacy-digital-revolution/,JAVASCRIPT_ERROR,SYNTAX_ERROR,CRITICAL,https://cdn.promotekit.com/promotekit.js 0:0 Uncaught SyntaxError: Identifier 'parsed_host_name' has already been declared,null,0,null,1,Chrome Headless,Fix JavaScript syntax errors
2025-09-17 23:25:32,https://www.pharmacymentor.com/blockchain-pharmacy/,ACCESS_ERROR,PAGE_LOAD_FAILURE,CRITICAL,Failed to load page: java.util.concurrent.TimeoutException
Build info: version: '4.12.0', revision: '249f2a7d1b*'
System info: os.name: 'Windows 11', os.arch: 'amd64', os.version: '10.0', java.version: '25'
Driver info: org.openqa.selenium.chrome.ChromeDriver
Command: [8f1f3a282796828b06efc29fd0d9a211, get {url=https://www.pharmacymentor.com/blockchain-pharmacy/}]
Capabilities {acceptInsecureCerts: false, browserName: chrome, browserVersion: 140.0.7339.128, chrome: {chromedriverVersion: 140.0.7339.82 (bc93617e21c3..., userDataDir: C:\Users\user\AppData\Local...}, fedcm:accounts: true, goog:chromeOptions: {debuggerAddress: localhost:53299}, networkConnectionEnabled: false, pageLoadStrategy: normal, platformName: windows, proxy: Proxy(), se:cdp: ws://localhost:53299/devtoo..., se:cdpVersion: 140.0.7339.128, setWindowRect: true, strictFileInteractability: false, timeouts: {implicit: 0, pageLoad: 300000, script: 30000}, unhandledPromptBehavior: dismiss and notify, webauthn:extension:credBlob: true, webauthn:extension:largeBlob: true, webauthn:extension:minPinLength: true, webauthn:extension:prf: true, webauthn:virtualAuthenticators: true}
Session ID: 8f1f3a282796828b06efc29fd0d9a211,N/A,0,,1,Chrome Headless,Check URL accessibility, server response, and network connectivity
2025-09-17 23:27:41,https://www.pharmacymentor.com/aesthetics-clinic-pharmacy/,JAVASCRIPT_ERROR,SYNTAX_ERROR,CRITICAL,https://cdn.promotekit.com/promotekit.js 0:0 Uncaught SyntaxError: Identifier 'parsed_host_name' has already been declared,null,0,null,1,Chrome Headless,Fix JavaScript syntax errors
2025-09-17 23:27:41,https://www.pharmacymentor.com/aesthetics-clinic-pharmacy/,JAVASCRIPT_ERROR,SYNTAX_ERROR,CRITICAL,https://cdn.promotekit.com/promotekit.js 0:0 Uncaught SyntaxError: Identifier 'parsed_host_name' has already been declared,null,0,null,1,Chrome Headless,Fix JavaScript syntax errors
2025-09-17 23:27:49,https://www.pharmacymentor.com/ear-wax-removal-marketing-case-study/,JAVASCRIPT_ERROR,SYNTAX_ERROR,CRITICAL,https://cdn.promotekit.com/promotekit.js 0:0 Uncaught SyntaxError: Identifier 'parsed_host_name' has already been declared,null,0,null,1,Chrome Headless,Fix JavaScript syntax errors
2025-09-17 23:27:56,https://www.pharmacymentor.com/pharmacy-blog-post-ideas/,JAVASCRIPT_ERROR,SYNTAX_ERROR,CRITICAL,https://cdn.promotekit.com/promotekit.js 0:0 Uncaught SyntaxError: Identifier 'parsed_host_name' has already been declared,null,0,null,1,Chrome Headless,Fix JavaScript syntax errors
2025-09-17 23:28:04,https://www.pharmacymentor.com/pharmacy-design/,JAVASCRIPT_ERROR,SYNTAX_ERROR,CRITICAL,https://cdn.promotekit.com/promotekit.js 0:0 Uncaught SyntaxError: Identifier 'parsed_host_name' has already been declared,null,0,null,1,Chrome Headless,Fix JavaScript syntax errors
2025-09-17 23:28:12,https://www.pharmacymentor.com/how-to-market-your-pharmacy-2/,JAVASCRIPT_ERROR,SYNTAX_ERROR,CRITICAL,https://cdn.promotekit.com/promotekit.js 0:0 Uncaught SyntaxError: Identifier 'parsed_host_name' has already been declared,null,0,null,1,Chrome Headless,Fix JavaScript syntax errors
2025-09-17 23:28:19,https://www.pharmacymentor.com/pharmacy-business-conference-2023/,JAVASCRIPT_ERROR,SYNTAX_ERROR,CRITICAL,https://cdn.promotekit.com/promotekit.js 0:0 Uncaught SyntaxError: Identifier 'parsed_host_name' has already been declared,null,0,null,1,Chrome Headless,Fix JavaScript syntax errors
2025-09-17 23:28:27,https://www.pharmacymentor.com/travel-clinic-bookings/,JAVASCRIPT_ERROR,SYNTAX_ERROR,CRITICAL,https://cdn.promotekit.com/promotekit.js 0:0 Uncaught SyntaxError: Identifier 'parsed_host_name' has already been declared,null,0,null,1,Chrome Headless,Fix JavaScript syntax errors
2025-09-17 23:28:34,https://www.pharmacymentor.com/digital-checklist-setting-up-new-pharmacy/,JAVASCRIPT_ERROR,SYNTAX_ERROR,CRITICAL,https://cdn.promotekit.com/promotekit.js 0:0 Uncaught SyntaxError: Identifier 'parsed_host_name' has already been declared,null,0,null,1,Chrome Headless,Fix JavaScript syntax errors
2025-09-17 23:28:49,https://www.pharmacymentor.com/chatgpt-pharmacy/,JAVASCRIPT_ERROR,SYNTAX_ERROR,CRITICAL,https://cdn.promotekit.com/promotekit.js 0:0 Uncaught SyntaxError: Identifier 'parsed_host_name' has already been declared,null,0,null,1,Chrome Headless,Fix JavaScript syntax errors
2025-09-17 23:29:00,https://www.pharmacymentor.com/flu-vaccine-advertising/,JAVASCRIPT_ERROR,SYNTAX_ERROR,CRITICAL,https://cdn.promotekit.com/promotekit.js 0:0 Uncaught SyntaxError: Identifier 'parsed_host_name' has already been declared,null,0,null,1,Chrome Headless,Fix JavaScript syntax errors
2025-09-17 23:29:11,https://www.pharmacymentor.com/top-10-pharmacy-partners/,JAVASCRIPT_ERROR,SYNTAX_ERROR,CRITICAL,https://cdn.promotekit.com/promotekit.js 0:0 Uncaught SyntaxError: Identifier 'parsed_host_name' has already been declared,null,0,null,1,Chrome Headless,Fix JavaScript syntax errors
2025-09-17 23:29:18,https://www.pharmacymentor.com/pm-academy-network/,JAVASCRIPT_ERROR,SYNTAX_ERROR,CRITICAL,https://cdn.promotekit.com/promotekit.js 0:0 Uncaught SyntaxError: Identifier 'parsed_host_name' has already been declared,null,0,null,1,Chrome Headless,Fix JavaScript syntax errors
2025-09-17 23:29:26,https://www.pharmacymentor.com/pharmacy-show-2023/,JAVASCRIPT_ERROR,SYNTAX_ERROR,CRITICAL,https://cdn.promotekit.com/promotekit.js 0:0 Uncaught SyntaxError: Identifier 'parsed_host_name' has already been declared,null,0,null,1,Chrome Headless,Fix JavaScript syntax errors
2025-09-17 23:29:34,https://www.pharmacymentor.com/digitise-prescribing-clinic-revolutionise-pharmacy/,JAVASCRIPT_ERROR,SYNTAX_ERROR,CRITICAL,https://cdn.promotekit.com/promotekit.js 0:0 Uncaught SyntaxError: Identifier 'parsed_host_name' has already been declared,null,0,null,1,Chrome Headless,Fix JavaScript syntax errors
2025-09-17 23:29:42,https://www.pharmacymentor.com/pharmacy-websites-good-poor/,JAVASCRIPT_ERROR,SYNTAX_ERROR,CRITICAL,https://cdn.promotekit.com/promotekit.js 0:0 Uncaught SyntaxError: Identifier 'parsed_host_name' has already been declared,null,0,null,1,Chrome Headless,Fix JavaScript syntax errors
2025-09-17 23:29:59,https://www.pharmacymentor.com/how-to-increase-pharmacy-revenue/,JAVASCRIPT_ERROR,SYNTAX_ERROR,CRITICAL,https://cdn.promotekit.com/promotekit.js 0:0 Uncaught SyntaxError: Identifier 'parsed_host_name' has already been declared,null,0,null,1,Chrome Headless,Fix JavaScript syntax errors
2025-09-17 23:30:07,https://www.pharmacymentor.com/tympa-health/,JAVASCRIPT_ERROR,SYNTAX_ERROR,CRITICAL,https://cdn.promotekit.com/promotekit.js 0:0 Uncaught SyntaxError: Identifier 'parsed_host_name' has already been declared,null,0,null,1,Chrome Headless,Fix JavaScript syntax errors
2025-09-17 23:30:14,https://www.pharmacymentor.com/how-to-market-ear-wax-removal/,JAVASCRIPT_ERROR,SYNTAX_ERROR,CRITICAL,https://cdn.promotekit.com/promotekit.js 0:0 Uncaught SyntaxError: Identifier 'parsed_host_name' has already been declared,null,0,null,1,Chrome Headless,Fix JavaScript syntax errors
2025-09-17 23:30:22,https://www.pharmacymentor.com/pharmacy-first/,JAVASCRIPT_ERROR,SYNTAX_ERROR,CRITICAL,https://cdn.promotekit.com/promotekit.js 0:0 Uncaught SyntaxError: Identifier 'parsed_host_name' has already been declared,null,0,null,1,Chrome Headless,Fix JavaScript syntax errors
2025-09-17 23:30:42,https://www.pharmacymentor.com/oxfordshire-pharmacy-case-study/,JAVASCRIPT_ERROR,SYNTAX_ERROR,CRITICAL,https://cdn.promotekit.com/promotekit.js 0:0 Uncaught SyntaxError: Identifier 'parsed_host_name' has already been declared,null,0,null,1,Chrome Headless,Fix JavaScript syntax errors
2025-09-17 23:30:49,https://www.pharmacymentor.com/prescribes-clinical-service-growth/,JAVASCRIPT_ERROR,SYNTAX_ERROR,CRITICAL,https://cdn.promotekit.com/promotekit.js 0:0 Uncaught SyntaxError: Identifier 'parsed_host_name' has already been declared,null,0,null,1,Chrome Headless,Fix JavaScript syntax errors
2025-09-17 23:31:07,https://www.pharmacymentor.com/old-pharmacy-vs-new-pharmacy/,JAVASCRIPT_ERROR,SYNTAX_ERROR,CRITICAL,https://cdn.promotekit.com/promotekit.js 0:0 Uncaught SyntaxError: Identifier 'parsed_host_name' has already been declared,null,0,null,1,Chrome Headless,Fix JavaScript syntax errors
2025-09-17 23:31:25,https://www.pharmacymentor.com/travel-clinic-google-ads-case/,JAVASCRIPT_ERROR,SYNTAX_ERROR,CRITICAL,https://cdn.promotekit.com/promotekit.js 0:0 Uncaught SyntaxError: Identifier 'parsed_host_name' has already been declared,null,0,null,1,Chrome Headless,Fix JavaScript syntax errors
2025-09-17 23:31:33,https://www.pharmacymentor.com/new-pharmacy-model/,JAVASCRIPT_ERROR,SYNTAX_ERROR,CRITICAL,https://cdn.promotekit.com/promotekit.js 0:0 Uncaught SyntaxError: Identifier 'parsed_host_name' has already been declared,null,0,null,1,Chrome Headless,Fix JavaScript syntax errors
2025-09-17 23:31:40,https://www.pharmacymentor.com/fill-clinic-travel-vaccine-bookings/,JAVASCRIPT_ERROR,SYNTAX_ERROR,CRITICAL,https://cdn.promotekit.com/promotekit.js 0:0 Uncaught SyntaxError: Identifier 'parsed_host_name' has already been declared,null,0,null,1,Chrome Headless,Fix JavaScript syntax errors
2025-09-17 23:31:46,https://www.pharmacymentor.com/pharmacy-first-checklist/,JAVASCRIPT_ERROR,SYNTAX_ERROR,CRITICAL,https://cdn.promotekit.com/promotekit.js 0:0 Uncaught SyntaxError: Identifier 'parsed_host_name' has already been declared,null,0,null,1,Chrome Headless,Fix JavaScript syntax errors
2025-09-17 23:31:56,https://www.pharmacymentor.com/alphega/,JAVASCRIPT_ERROR,SYNTAX_ERROR,CRITICAL,https://cdn.promotekit.com/promotekit.js 0:0 Uncaught SyntaxError: Identifier 'parsed_host_name' has already been declared,null,0,null,1,Chrome Headless,Fix JavaScript syntax errors
2025-09-17 23:32:04,https://www.pharmacymentor.com/pharmacy-shows/,JAVASCRIPT_ERROR,SYNTAX_ERROR,CRITICAL,https://cdn.promotekit.com/promotekit.js 0:0 Uncaught SyntaxError: Identifier 'parsed_host_name' has already been declared,null,0,null,1,Chrome Headless,Fix JavaScript syntax errors
2025-09-17 23:32:12,https://www.pharmacymentor.com/chatgpt-hacks/,JAVASCRIPT_ERROR,SYNTAX_ERROR,CRITICAL,https://cdn.promotekit.com/promotekit.js 0:0 Uncaught SyntaxError: Identifier 'parsed_host_name' has already been declared,null,0,null,1,Chrome Headless,Fix JavaScript syntax errors
2025-09-17 23:32:19,https://www.pharmacymentor.com/google-cheat-sheet-for-pharmacies/,JAVASCRIPT_ERROR,SYNTAX_ERROR,CRITICAL,https://cdn.promotekit.com/promotekit.js 0:0 Uncaught SyntaxError: Identifier 'parsed_host_name' has already been declared,null,0,null,1,Chrome Headless,Fix JavaScript syntax errors
2025-09-17 23:32:27,https://www.pharmacymentor.com/seo-pharmacys-missing-secret-weapon/,JAVASCRIPT_ERROR,SYNTAX_ERROR,CRITICAL,https://cdn.promotekit.com/promotekit.js 0:0 Uncaught SyntaxError: Identifier 'parsed_host_name' has already been declared,null,0,null,1,Chrome Headless,Fix JavaScript syntax errors
2025-09-17 23:32:35,https://www.pharmacymentor.com/pharmacy-first-treatments/,JAVASCRIPT_ERROR,SYNTAX_ERROR,CRITICAL,https://cdn.promotekit.com/promotekit.js 0:0 Uncaught SyntaxError: Identifier 'parsed_host_name' has already been declared,null,0,null,1,Chrome Headless,Fix JavaScript syntax errors
2025-09-17 23:32:42,https://www.pharmacymentor.com/pharmacy-business-conference-2024/,JAVASCRIPT_ERROR,SYNTAX_ERROR,CRITICAL,https://cdn.promotekit.com/promotekit.js 0:0 Uncaught SyntaxError: Identifier 'parsed_host_name' has already been declared,null,0,null,1,Chrome Headless,Fix JavaScript syntax errors
2025-09-17 23:32:52,https://www.pharmacymentor.com/pharmacy-pmr-systems-guide/,JAVASCRIPT_ERROR,SYNTAX_ERROR,CRITICAL,https://cdn.promotekit.com/promotekit.js 0:0 Uncaught SyntaxError: Identifier 'parsed_host_name' has already been declared,null,0,null,1,Chrome Headless,Fix JavaScript syntax errors
2025-09-17 23:33:01,https://www.pharmacymentor.com/distance-selling-pharmacy/,JAVASCRIPT_ERROR,SYNTAX_ERROR,CRITICAL,https://cdn.promotekit.com/promotekit.js 0:0 Uncaught SyntaxError: Identifier 'parsed_host_name' has already been declared,null,0,null,1,Chrome Headless,Fix JavaScript syntax errors
2025-09-17 23:33:10,https://www.pharmacymentor.com/ai-tools-pharmacy/,JAVASCRIPT_ERROR,SYNTAX_ERROR,CRITICAL,https://cdn.promotekit.com/promotekit.js 0:0 Uncaught SyntaxError: Identifier 'parsed_host_name' has already been declared,null,0,null,1,Chrome Headless,Fix JavaScript syntax errors
2025-09-17 23:33:18,https://www.pharmacymentor.com/facebook-advertising/,JAVASCRIPT_ERROR,SYNTAX_ERROR,CRITICAL,https://cdn.promotekit.com/promotekit.js 0:0 Uncaught SyntaxError: Identifier 'parsed_host_name' has already been declared,null,0,null,1,Chrome Headless,Fix JavaScript syntax errors
2025-09-17 23:36:18,https://www.pharmacymentor.com/private-dsp-case-study/,ACCESS_ERROR,PAGE_LOAD_FAILURE,CRITICAL,Failed to load page: java.util.concurrent.TimeoutException
Build info: version: '4.12.0', revision: '249f2a7d1b*'
System info: os.name: 'Windows 11', os.arch: 'amd64', os.version: '10.0', java.version: '25'
Driver info: org.openqa.selenium.chrome.ChromeDriver
Command: [8f1f3a282796828b06efc29fd0d9a211, get {url=https://www.pharmacymentor.com/private-dsp-case-study/}]
Capabilities {acceptInsecureCerts: false, browserName: chrome, browserVersion: 140.0.7339.128, chrome: {chromedriverVersion: 140.0.7339.82 (bc93617e21c3..., userDataDir: C:\Users\user\AppData\Local...}, fedcm:accounts: true, goog:chromeOptions: {debuggerAddress: localhost:53299}, networkConnectionEnabled: false, pageLoadStrategy: normal, platformName: windows, proxy: Proxy(), se:cdp: ws://localhost:53299/devtoo..., se:cdpVersion: 140.0.7339.128, setWindowRect: true, strictFileInteractability: false, timeouts: {implicit: 0, pageLoad: 300000, script: 30000}, unhandledPromptBehavior: dismiss and notify, webauthn:extension:credBlob: true, webauthn:extension:largeBlob: true, webauthn:extension:minPinLength: true, webauthn:extension:prf: true, webauthn:virtualAuthenticators: true}
Session ID: 8f1f3a282796828b06efc29fd0d9a211,N/A,0,,1,Chrome Headless,Check URL accessibility, server response, and network connectivity
2025-09-17 23:39:01,https://www.pharmacymentor.com/upw-case-independent-pharmacy-midlands/,JAVASCRIPT_ERROR,SYNTAX_ERROR,CRITICAL,https://cdn.promotekit.com/promotekit.js 0:0 Uncaught SyntaxError: Identifier 'parsed_host_name' has already been declared,null,0,null,1,Chrome Headless,Fix JavaScript syntax errors
2025-09-17 23:39:01,https://www.pharmacymentor.com/upw-case-independent-pharmacy-midlands/,JAVASCRIPT_ERROR,SYNTAX_ERROR,CRITICAL,https://cdn.promotekit.com/promotekit.js 0:0 Uncaught SyntaxError: Identifier 'parsed_host_name' has already been declared,null,0,null,1,Chrome Headless,Fix JavaScript syntax errors
2025-09-17 23:39:12,https://www.pharmacymentor.com/aesthetics-pharmacy-website/,JAVASCRIPT_ERROR,SYNTAX_ERROR,CRITICAL,https://cdn.promotekit.com/promotekit.js 0:0 Uncaught SyntaxError: Identifier 'parsed_host_name' has already been declared,null,0,null,1,Chrome Headless,Fix JavaScript syntax errors
2025-09-17 23:39:20,https://www.pharmacymentor.com/upw-case-private-online-pharmacy-growth/,JAVASCRIPT_ERROR,SYNTAX_ERROR,CRITICAL,https://cdn.promotekit.com/promotekit.js 0:0 Uncaught SyntaxError: Identifier 'parsed_host_name' has already been declared,null,0,null,1,Chrome Headless,Fix JavaScript syntax errors
2025-09-17 23:39:29,https://www.pharmacymentor.com/nhs-dsp-case-study-upw/,JAVASCRIPT_ERROR,SYNTAX_ERROR,CRITICAL,https://cdn.promotekit.com/promotekit.js 0:0 Uncaught SyntaxError: Identifier 'parsed_host_name' has already been declared,null,0,null,1,Chrome Headless,Fix JavaScript syntax errors
2025-09-17 23:39:38,https://www.pharmacymentor.com/pharmacy-booking-calendar/,JAVASCRIPT_ERROR,SYNTAX_ERROR,CRITICAL,https://cdn.promotekit.com/promotekit.js 0:0 Uncaught SyntaxError: Identifier 'parsed_host_name' has already been declared,null,0,null,1,Chrome Headless,Fix JavaScript syntax errors
2025-09-17 23:39:46,https://www.pharmacymentor.com/clicks-to-conversions/,JAVASCRIPT_ERROR,SYNTAX_ERROR,CRITICAL,https://cdn.promotekit.com/promotekit.js 0:0 Uncaught SyntaxError: Identifier 'parsed_host_name' has already been declared,null,0,null,1,Chrome Headless,Fix JavaScript syntax errors
2025-09-17 23:39:54,https://www.pharmacymentor.com/biggest-reasons-gphc-fail-pharmacies-prescribe-online/,JAVASCRIPT_ERROR,SYNTAX_ERROR,CRITICAL,https://cdn.promotekit.com/promotekit.js 0:0 Uncaught SyntaxError: Identifier 'parsed_host_name' has already been declared,null,0,null,1,Chrome Headless,Fix JavaScript syntax errors
2025-09-17 23:40:05,https://www.pharmacymentor.com/private-dsp-upw-case/,JAVASCRIPT_ERROR,SYNTAX_ERROR,CRITICAL,https://cdn.promotekit.com/promotekit.js 0:0 Uncaught SyntaxError: Identifier 'parsed_host_name' has already been declared,null,0,null,1,Chrome Headless,Fix JavaScript syntax errors
2025-09-17 23:40:13,https://www.pharmacymentor.com/wordpress-plugin/,JAVASCRIPT_ERROR,SYNTAX_ERROR,CRITICAL,https://cdn.promotekit.com/promotekit.js 0:0 Uncaught SyntaxError: Identifier 'parsed_host_name' has already been declared,null,0,null,1,Chrome Headless,Fix JavaScript syntax errors
2025-09-17 23:40:22,https://www.pharmacymentor.com/private-pharmacy-services/,JAVASCRIPT_ERROR,SYNTAX_ERROR,CRITICAL,https://cdn.promotekit.com/promotekit.js 0:0 Uncaught SyntaxError: Identifier 'parsed_host_name' has already been declared,null,0,null,1,Chrome Headless,Fix JavaScript syntax errors
2025-09-17 23:40:31,https://www.pharmacymentor.com/ppc-campaigns-for-pharmacy/,JAVASCRIPT_ERROR,SYNTAX_ERROR,CRITICAL,https://cdn.promotekit.com/promotekit.js 0:0 Uncaught SyntaxError: Identifier 'parsed_host_name' has already been declared,null,0,null,1,Chrome Headless,Fix JavaScript syntax errors
2025-09-17 23:40:39,https://www.pharmacymentor.com/using-ai-in-pharmacy/,JAVASCRIPT_ERROR,SYNTAX_ERROR,CRITICAL,https://cdn.promotekit.com/promotekit.js 0:0 Uncaught SyntaxError: Identifier 'parsed_host_name' has already been declared,null,0,null,1,Chrome Headless,Fix JavaScript syntax errors
2025-09-17 23:40:48,https://www.pharmacymentor.com/the-pharmacy-show-2024/,JAVASCRIPT_ERROR,SYNTAX_ERROR,CRITICAL,https://cdn.promotekit.com/promotekit.js 0:0 Uncaught SyntaxError: Identifier 'parsed_host_name' has already been declared,null,0,null,1,Chrome Headless,Fix JavaScript syntax errors
2025-09-17 23:40:57,https://www.pharmacymentor.com/your-pharmacy-may-be-sick-and-you-dont-even-know-it-2/,JAVASCRIPT_ERROR,SYNTAX_ERROR,CRITICAL,https://cdn.promotekit.com/promotekit.js 0:0 Uncaught SyntaxError: Identifier 'parsed_host_name' has already been declared,null,0,null,1,Chrome Headless,Fix JavaScript syntax errors
2025-09-17 23:41:05,https://www.pharmacymentor.com/scottish-pharmacy-shows-2024/,JAVASCRIPT_ERROR,SYNTAX_ERROR,CRITICAL,https://cdn.promotekit.com/promotekit.js 0:0 Uncaught SyntaxError: Identifier 'parsed_host_name' has already been declared,null,0,null,1,Chrome Headless,Fix JavaScript syntax errors
2025-09-17 23:41:13,https://www.pharmacymentor.com/drug-tarrif-pro/,JAVASCRIPT_ERROR,SYNTAX_ERROR,CRITICAL,https://cdn.promotekit.com/promotekit.js 0:0 Uncaught SyntaxError: Identifier 'parsed_host_name' has already been declared,null,0,null,1,Chrome Headless,Fix JavaScript syntax errors
2025-09-17 23:41:23,https://www.pharmacymentor.com/search-engine-optimisation/,JAVASCRIPT_ERROR,SYNTAX_ERROR,CRITICAL,https://cdn.promotekit.com/promotekit.js 0:0 Uncaught SyntaxError: Identifier 'parsed_host_name' has already been declared,null,0,null,1,Chrome Headless,Fix JavaScript syntax errors
2025-09-17 23:41:32,https://www.pharmacymentor.com/revnue-boost-travel-clinics/,JAVASCRIPT_ERROR,SYNTAX_ERROR,CRITICAL,https://cdn.promotekit.com/promotekit.js 0:0 Uncaught SyntaxError: Identifier 'parsed_host_name' has already been declared,null,0,null,1,Chrome Headless,Fix JavaScript syntax errors
2025-09-17 23:41:40,https://www.pharmacymentor.com/wearable-tech-pharmacy/,JAVASCRIPT_ERROR,SYNTAX_ERROR,CRITICAL,https://cdn.promotekit.com/promotekit.js 0:0 Uncaught SyntaxError: Identifier 'parsed_host_name' has already been declared,null,0,null,1,Chrome Headless,Fix JavaScript syntax errors
2025-09-17 23:41:49,https://www.pharmacymentor.com/restricted-terms/,JAVASCRIPT_ERROR,SYNTAX_ERROR,CRITICAL,https://cdn.promotekit.com/promotekit.js 0:0 Uncaught SyntaxError: Identifier 'parsed_host_name' has already been declared,null,0,null,1,Chrome Headless,Fix JavaScript syntax errors
2025-09-17 23:41:59,https://www.pharmacymentor.com/pharmacy-suppliers/,JAVASCRIPT_ERROR,SYNTAX_ERROR,CRITICAL,https://cdn.promotekit.com/promotekit.js 0:0 Uncaught SyntaxError: Identifier 'parsed_host_name' has already been declared,null,0,null,1,Chrome Headless,Fix JavaScript syntax errors
2025-09-17 23:42:07,https://www.pharmacymentor.com/how-long-until-ai-starts-to-replace-pharmacists/,JAVASCRIPT_ERROR,SYNTAX_ERROR,CRITICAL,https://cdn.promotekit.com/promotekit.js 0:0 Uncaught SyntaxError: Identifier 'parsed_host_name' has already been declared,null,0,null,1,Chrome Headless,Fix JavaScript syntax errors
2025-09-17 23:42:17,https://www.pharmacymentor.com/druggpt-ai-in-pharmacies/,JAVASCRIPT_ERROR,SYNTAX_ERROR,CRITICAL,https://cdn.promotekit.com/promotekit.js 0:0 Uncaught SyntaxError: Identifier 'parsed_host_name' has already been declared,null,0,null,1,Chrome Headless,Fix JavaScript syntax errors
2025-09-17 23:42:26,https://www.pharmacymentor.com/chatgpt-mastery-pharmacy/,JAVASCRIPT_ERROR,SYNTAX_ERROR,CRITICAL,https://cdn.promotekit.com/promotekit.js 0:0 Uncaught SyntaxError: Identifier 'parsed_host_name' has already been declared,null,0,null,1,Chrome Headless,Fix JavaScript syntax errors
2025-09-17 23:42:26,https://www.pharmacymentor.com/chatgpt-mastery-pharmacy/,NETWORK_ERROR,RESOURCE_LOAD_FAILURE,CRITICAL,https://www.pharmacymentor.com/wp-content/uploads/2024/11/Dall-E-min.png - Failed to load resource: the server responded with a status of 404 (),null,0,null,1,Chrome Headless,Verify resource URLs and server availability
2025-09-17 23:42:26,https://www.pharmacymentor.com/chatgpt-mastery-pharmacy/,NETWORK_ERROR,RESOURCE_NOT_FOUND,HIGH,HTTP 404 error for: https://www.pharmacymentor.com/wp-content/uploads/2024/11/Dall-E-min.png,https://www.pharmacymentor.com/wp-content/uploads/2024/11/Dall-E-min.png,0,null,1,Chrome Headless,Verify resource URL and ensure file exists on server
2025-09-17 23:42:36,https://www.pharmacymentor.com/pharmacy-search-behaviours/,JAVASCRIPT_ERROR,SYNTAX_ERROR,CRITICAL,https://cdn.promotekit.com/promotekit.js 0:0 Uncaught SyntaxError: Identifier 'parsed_host_name' has already been declared,null,0,null,1,Chrome Headless,Fix JavaScript syntax errors
2025-09-17 23:42:45,https://www.pharmacymentor.com/grow-your-earwax-removal-clinic/,JAVASCRIPT_ERROR,SYNTAX_ERROR,CRITICAL,https://cdn.promotekit.com/promotekit.js 0:0 Uncaught SyntaxError: Identifier 'parsed_host_name' has already been declared,null,0,null,1,Chrome Headless,Fix JavaScript syntax errors
2025-09-17 23:42:53,https://www.pharmacymentor.com/weight-loss-injections/,JAVASCRIPT_ERROR,SYNTAX_ERROR,CRITICAL,https://cdn.promotekit.com/promotekit.js 0:0 Uncaught SyntaxError: Identifier 'parsed_host_name' has already been declared,null,0,null,1,Chrome Headless,Fix JavaScript syntax errors
2025-09-17 23:43:15,https://www.pharmacymentor.com/protect-your-community-pharmacy/,JAVASCRIPT_ERROR,SYNTAX_ERROR,CRITICAL,https://cdn.promotekit.com/promotekit.js 0:0 Uncaught SyntaxError: Identifier 'parsed_host_name' has already been declared,null,0,null,1,Chrome Headless,Fix JavaScript syntax errors
2025-09-17 23:43:24,https://www.pharmacymentor.com/paid-ads-and-seo/,JAVASCRIPT_ERROR,SYNTAX_ERROR,CRITICAL,https://cdn.promotekit.com/promotekit.js 0:0 Uncaught SyntaxError: Identifier 'parsed_host_name' has already been declared,null,0,null,1,Chrome Headless,Fix JavaScript syntax errors
2025-09-17 23:43:32,https://www.pharmacymentor.com/sms-marketing-campaign/,JAVASCRIPT_ERROR,SYNTAX_ERROR,CRITICAL,https://cdn.promotekit.com/promotekit.js 0:0 Uncaught SyntaxError: Identifier 'parsed_host_name' has already been declared,null,0,null,1,Chrome Headless,Fix JavaScript syntax errors
2025-09-17 23:43:40,https://www.pharmacymentor.com/how-seo-ppc-drove-pharmacy-sales/,JAVASCRIPT_ERROR,SYNTAX_ERROR,CRITICAL,https://cdn.promotekit.com/promotekit.js 0:0 Uncaught SyntaxError: Identifier 'parsed_host_name' has already been declared,null,0,null,1,Chrome Headless,Fix JavaScript syntax errors
2025-09-17 23:43:50,https://www.pharmacymentor.com/pm-academy-pro-sign-up/,JAVASCRIPT_ERROR,SYNTAX_ERROR,CRITICAL,https://cdn.promotekit.com/promotekit.js 0:0 Uncaught SyntaxError: Identifier 'parsed_host_name' has already been declared,null,0,null,1,Chrome Headless,Fix JavaScript syntax errors
2025-09-17 23:43:59,https://www.pharmacymentor.com/ultimate-pharmacy-website-transformation/,JAVASCRIPT_ERROR,SYNTAX_ERROR,CRITICAL,https://cdn.promotekit.com/promotekit.js 0:0 Uncaught SyntaxError: Identifier 'parsed_host_name' has already been declared,null,0,null,1,Chrome Headless,Fix JavaScript syntax errors
2025-09-17 23:44:07,https://www.pharmacymentor.com/pharmacy-aesthetics-business/,JAVASCRIPT_ERROR,SYNTAX_ERROR,CRITICAL,https://cdn.promotekit.com/promotekit.js 0:0 Uncaught SyntaxError: Identifier 'parsed_host_name' has already been declared,null,0,null,1,Chrome Headless,Fix JavaScript syntax errors
2025-09-17 23:44:14,https://www.pharmacymentor.com/emerging-weight-loss-drugs/,JAVASCRIPT_ERROR,SYNTAX_ERROR,CRITICAL,https://cdn.promotekit.com/promotekit.js 0:0 Uncaught SyntaxError: Identifier 'parsed_host_name' has already been declared,null,0,null,1,Chrome Headless,Fix JavaScript syntax errors
2025-09-17 23:44:22,https://www.pharmacymentor.com/revolutionise-online-prescribing/,JAVASCRIPT_ERROR,SYNTAX_ERROR,CRITICAL,https://cdn.promotekit.com/promotekit.js 0:0 Uncaught SyntaxError: Identifier 'parsed_host_name' has already been declared,null,0,null,1,Chrome Headless,Fix JavaScript syntax errors
2025-09-17 23:44:31,https://www.pharmacymentor.com/run-a-website-discovery-session/,JAVASCRIPT_ERROR,SYNTAX_ERROR,CRITICAL,https://cdn.promotekit.com/promotekit.js 0:0 Uncaught SyntaxError: Identifier 'parsed_host_name' has already been declared,null,0,null,1,Chrome Headless,Fix JavaScript syntax errors
2025-09-17 23:44:41,https://www.pharmacymentor.com/online-pharmacy-market-growth-global/,JAVASCRIPT_ERROR,SYNTAX_ERROR,CRITICAL,https://cdn.promotekit.com/promotekit.js 0:0 Uncaught SyntaxError: Identifier 'parsed_host_name' has already been declared,null,0,null,1,Chrome Headless,Fix JavaScript syntax errors
2025-09-17 23:44:49,https://www.pharmacymentor.com/saving-the-nhs/,JAVASCRIPT_ERROR,SYNTAX_ERROR,CRITICAL,https://cdn.promotekit.com/promotekit.js 0:0 Uncaught SyntaxError: Identifier 'parsed_host_name' has already been declared,null,0,null,1,Chrome Headless,Fix JavaScript syntax errors
2025-09-17 23:44:56,https://www.pharmacymentor.com/google-trends-pharmacy/,JAVASCRIPT_ERROR,SYNTAX_ERROR,CRITICAL,https://cdn.promotekit.com/promotekit.js 0:0 Uncaught SyntaxError: Identifier 'parsed_host_name' has already been declared,null,0,null,1,Chrome Headless,Fix JavaScript syntax errors
2025-09-17 23:45:04,https://www.pharmacymentor.com/is-ai-recommending-you-2/,JAVASCRIPT_ERROR,SYNTAX_ERROR,CRITICAL,https://cdn.promotekit.com/promotekit.js 0:0 Uncaught SyntaxError: Identifier 'parsed_host_name' has already been declared,null,0,null,1,Chrome Headless,Fix JavaScript syntax errors
2025-09-17 23:45:12,https://www.pharmacymentor.com/ecommerce-prescribing-clinic/,JAVASCRIPT_ERROR,SYNTAX_ERROR,CRITICAL,https://cdn.promotekit.com/promotekit.js 0:0 Uncaught SyntaxError: Identifier 'parsed_host_name' has already been declared,null,0,null,1,Chrome Headless,Fix JavaScript syntax errors
2025-09-17 23:45:19,https://www.pharmacymentor.com/aesthetics-pharmacy-case-uk/,JAVASCRIPT_ERROR,SYNTAX_ERROR,CRITICAL,https://cdn.promotekit.com/promotekit.js 0:0 Uncaught SyntaxError: Identifier 'parsed_host_name' has already been declared,null,0,null,1,Chrome Headless,Fix JavaScript syntax errors
2025-09-17 23:45:27,https://www.pharmacymentor.com/the-pharmacy-show-2025/,JAVASCRIPT_ERROR,SYNTAX_ERROR,CRITICAL,https://cdn.promotekit.com/promotekit.js 0:0 Uncaught SyntaxError: Identifier 'parsed_host_name' has already been declared,null,0,null,1,Chrome Headless,Fix JavaScript syntax errors
